awesome-selfhosted/awesome-selfhosted,ShadowTux,1,0,0,0,0,0,0,0,0,0,0,0,0,0,[1]
awesome-selfhosted/awesome-selfhosted,Noraahs1,1,0,0,0,0,0,0,0,0,0,0,0,0,0,[1]
awesome-selfhosted/awesome-selfhosted,Litt1eSunFl0wer,1,0,0,0,0,0,0,0,0,0,0,0,0,0,[1]
awesome-selfhosted/awesome-selfhosted,h-okay,1,0,0,0,0,0,0,0,0,0,0,0,0,0,[1]
awesome-selfhosted/awesome-selfhosted,jdumas,1,0,0,0,0,0,0,0,0,0,0,0,0,0,[1]
awesome-selfhosted/awesome-selfhosted,User6333,1,0,0,0,0,0,0,0,0,0,0,0,0,0,[1]
awesome-selfhosted/awesome-selfhosted,lxg2015,1,0,0,0,0,0,0,0,0,0,0,0,0,0,[1]
awesome-selfhosted/awesome-selfhosted,AnaChF,1,0,0,0,0,0,0,0,0,0,0,0,0,0,[1]
awesome-selfhosted/awesome-selfhosted,jaisreera,1,0,0,0,0,0,0,0,0,0,0,0,0,0,[1]
awesome-selfhosted/awesome-selfhosted,DausGamer,1,0,0,0,0,0,0,0,0,0,0,0,0,0,[1]
awesome-selfhosted/awesome-selfhosted,ormanova7prvt,1,0,0,0,0,0,0,0,0,0,0,0,0,0,[1]
awesome-selfhosted/awesome-selfhosted,aapolipponen,1,0,0,0,0,0,0,0,0,0,0,0,0,0,[1]
awesome-selfhosted/awesome-selfhosted,QinshanSun,1,0,0,0,0,0,0,0,0,0,0,0,0,0,[1]
awesome-selfhosted/awesome-selfhosted,octagonsquare,1,0,0,0,0,0,0,0,0,0,0,0,0,0,[1]
awesome-selfhosted/awesome-selfhosted,CleverCrow99,1,0,0,0,0,0,0,0,0,0,0,0,0,0,[1]
awesome-selfhosted/awesome-selfhosted,userphilw,1,0,0,0,0,0,0,0,0,0,0,0,0,0,[1]
awesome-selfhosted/awesome-selfhosted,Brajo280603,1,0,0,0,0,0,0,0,0,0,0,0,0,0,[1]
awesome-selfhosted/awesome-selfhosted,vitormarcal,1,0,0,0,0,0,0,0,0,0,0,0,0,0,[1]
awesome-selfhosted/awesome-selfhosted,Meowzla,1,0,0,0,0,0,0,0,0,0,0,0,0,0,[1]
awesome-selfhosted/awesome-selfhosted,Ricchfegor,1,0,0,0,0,0,0,0,0,0,0,0,0,0,[1]
awesome-selfhosted/awesome-selfhosted,TDG510,1,0,0,0,0,0,0,0,0,0,0,0,0,0,[1]
awesome-selfhosted/awesome-selfhosted,SoknanLearning,1,0,0,0,0,0,0,0,0,0,0,0,0,0,[1]
awesome-selfhosted/awesome-selfhosted,swich208,1,0,0,0,0,0,0,0,0,0,0,0,0,0,[1]
awesome-selfhosted/awesome-selfhosted,Blankeos,1,0,0,0,0,0,0,0,0,0,0,0,0,0,[1]
awesome-selfhosted/awesome-selfhosted,Glubiz,1,0,0,0,0,0,0,0,0,0,0,0,0,0,[1]
awesome-selfhosted/awesome-selfhosted,AdemStars,1,0,0,0,0,0,0,0,0,0,0,0,0,0,[1]
awesome-selfhosted/awesome-selfhosted,nunogmartins,1,0,0,0,0,0,0,0,0,0,0,0,0,0,[1]
awesome-selfhosted/awesome-selfhosted,wzunjh,1,0,0,0,0,0,0,0,0,0,0,0,0,0,[1]
awesome-selfhosted/awesome-selfhosted,Dudenew3700,1,0,0,0,0,0,0,0,0,0,0,0,0,0,[1]
awesome-selfhosted/awesome-selfhosted,davideshay,0,1,0,0,0,0,0,0,0,0,0,0,0,0,[1]
awesome-selfhosted/awesome-selfhosted,maxhollmann,0,0,0,0,0,1,0,0,0,0,0,0,0,0,[1]
awesome-selfhosted/awesome-selfhosted,foxwyn,1,0,0,0,0,0,0,0,0,0,0,0,0,0,[1]
awesome-selfhosted/awesome-selfhosted,King3R,1,0,0,0,0,0,0,0,0,0,0,0,0,0,[1]
awesome-selfhosted/awesome-selfhosted,danijam,1,0,0,0,0,0,0,0,0,0,0,0,0,0,[1]
awesome-selfhosted/awesome-selfhosted,mandlamag,0,1,0,0,0,0,0,0,0,0,0,0,0,0,[1]
awesome-selfhosted/awesome-selfhosted,wannianma,1,0,0,0,0,0,0,0,0,0,0,0,0,0,[1]
awesome-selfhosted/awesome-selfhosted,MFDrey,1,0,0,0,0,0,0,0,0,0,0,0,0,0,[1]
awesome-selfhosted/awesome-selfhosted,Shicri,1,0,0,0,0,0,0,0,0,0,0,0,0,0,[1]
awesome-selfhosted/awesome-selfhosted,guangxu-li,1,0,0,0,0,0,0,0,0,0,0,0,0,0,[1]
awesome-selfhosted/awesome-selfhosted,Whitedevil92933,1,0,0,0,0,0,0,0,0,0,0,0,0,0,[1]
awesome-selfhosted/awesome-selfhosted,RTERRY3104,1,0,0,0,0,0,0,0,0,0,0,0,0,0,[1]
awesome-selfhosted/awesome-selfhosted,crzy-jxd,1,0,0,0,0,0,0,0,0,0,0,0,0,0,[1]
awesome-selfhosted/awesome-selfhosted,gianbottalico,1,0,0,0,0,0,0,0,0,0,0,0,0,0,[1]
awesome-selfhosted/awesome-selfhosted,Souvlaki42,1,0,0,0,0,0,0,0,0,0,0,0,0,0,[1]
awesome-selfhosted/awesome-selfhosted,Boswachtertje,1,0,0,0,0,0,0,0,0,0,0,0,0,0,[1]
awesome-selfhosted/awesome-selfhosted,kezi000,1,0,0,0,0,0,0,0,0,0,0,0,0,0,[1]
awesome-selfhosted/awesome-selfhosted,raymondgrey98,1,0,0,0,0,0,0,0,0,0,0,0,0,0,[1]
awesome-selfhosted/awesome-selfhosted,Jade-Jones-dev,1,0,0,0,0,0,0,0,0,0,0,0,0,0,[1]
awesome-selfhosted/awesome-selfhosted,x4x,1,0,0,0,0,0,0,0,0,0,0,0,0,0,[1]
awesome-selfhosted/awesome-selfhosted,edrickrenan,1,0,0,0,0,0,0,0,0,0,0,0,0,0,[1]
awesome-selfhosted/awesome-selfhosted,AlaaEnsheiwat,1,0,0,0,0,0,0,0,0,0,0,0,0,0,[1]
awesome-selfhosted/awesome-selfhosted,spike008t,1,0,0,0,0,0,0,0,0,0,0,0,0,0,[1]
awesome-selfhosted/awesome-selfhosted,deathluke,1,0,0,0,0,0,0,0,0,0,0,0,0,0,[1]
awesome-selfhosted/awesome-selfhosted,xxcavemanxx,1,0,0,0,0,0,0,0,0,0,0,0,0,0,[1]
awesome-selfhosted/awesome-selfhosted,Darkcoder1222,1,0,0,0,0,0,0,0,0,0,0,0,0,0,[1]
awesome-selfhosted/awesome-selfhosted,FrostChemist,1,0,0,0,0,0,0,0,0,0,0,0,0,0,[1]
awesome-selfhosted/awesome-selfhosted,Annapurnar22,1,0,0,0,0,0,0,0,0,0,0,0,0,0,[1]
awesome-selfhosted/awesome-selfhosted,Clausr,1,0,0,0,0,0,0,0,0,0,0,0,0,0,[1]
awesome-selfhosted/awesome-selfhosted,nickjlb,5,0,0,0,0,0,0,0,0,0,0,0,0,0,[5]
awesome-selfhosted/awesome-selfhosted,Seif-Aldin-Yasser-98,1,0,0,0,0,0,0,0,0,0,0,0,0,0,[1]
awesome-selfhosted/awesome-selfhosted,GamingMineblox,1,0,0,0,0,0,0,0,0,0,0,0,0,0,[1]
awesome-selfhosted/awesome-selfhosted,PrinceOfNovgorod,1,0,0,0,0,0,0,0,0,0,0,0,0,0,[1]
awesome-selfhosted/awesome-selfhosted,Joseph187133,1,0,0,0,0,0,0,0,0,0,0,0,0,0,[1]
awesome-selfhosted/awesome-selfhosted,cameronj86,1,0,0,0,0,0,0,0,0,0,0,0,0,0,[1]
awesome-selfhosted/awesome-selfhosted,d-moto,1,0,0,0,0,0,0,0,0,0,0,0,0,0,[1]
awesome-selfhosted/awesome-selfhosted,thategonfethu878,1,0,0,0,0,0,0,0,0,0,0,0,0,0,[1]
awesome-selfhosted/awesome-selfhosted,AranJannson,1,0,0,0,0,0,0,0,0,0,0,0,0,0,[1]
awesome-selfhosted/awesome-selfhosted,ZorgordianInZilo,1,0,0,0,0,0,0,0,0,0,0,0,0,0,[1]
awesome-selfhosted/awesome-selfhosted,barfieldiiisamuelman2,1,0,0,0,0,0,0,0,0,0,0,0,0,0,[1]
awesome-selfhosted/awesome-selfhosted,Newovan,1,0,0,0,0,0,0,0,0,0,0,0,0,0,[1]
awesome-selfhosted/awesome-selfhosted,stenwire,1,0,0,0,0,0,0,0,0,0,0,0,0,0,[1]
awesome-selfhosted/awesome-selfhosted,ryandury,1,0,0,0,0,0,0,0,0,0,0,0,0,0,[1]
awesome-selfhosted/awesome-selfhosted,williamtavares,1,0,0,0,0,0,0,0,0,0,0,0,0,0,[1]
awesome-selfhosted/awesome-selfhosted,JustinRehm88,1,0,0,0,0,0,0,0,0,0,0,0,0,0,[1]
awesome-selfhosted/awesome-selfhosted,Steppaa23,0,0,0,0,0,0,0,0,0,0,0,0,0,0,[0]
awesome-selfhosted/awesome-selfhosted,jayeshguin,1,0,0,0,0,0,0,0,0,0,0,0,0,0,[1]
awesome-selfhosted/awesome-selfhosted,Rupeahkumar,1,0,0,0,0,0,0,0,0,0,0,0,0,0,[1]
awesome-selfhosted/awesome-selfhosted,artegoser,1,0,0,0,0,0,0,0,0,0,0,0,0,0,[1]
awesome-selfhosted/awesome-selfhosted,DamnedFacts,1,0,0,0,0,0,0,0,0,0,0,0,0,0,[1]
awesome-selfhosted/awesome-selfhosted,Adika1630,1,0,0,0,0,0,0,0,0,0,0,0,0,0,[1]
awesome-selfhosted/awesome-selfhosted,sefcoco,1,0,0,0,0,0,0,0,0,0,0,0,0,0,[1]
awesome-selfhosted/awesome-selfhosted,Wisdokelly,1,0,0,0,0,0,0,0,0,0,0,0,0,0,[1]
awesome-selfhosted/awesome-selfhosted,EuJinnLucaShow,1,0,0,0,0,0,0,0,0,0,0,0,0,0,[1]
awesome-selfhosted/awesome-selfhosted,matschi3,1,0,0,0,0,0,0,0,0,0,0,0,0,0,[1]
awesome-selfhosted/awesome-selfhosted,jakob-br,1,0,0,0,0,0,0,0,0,0,0,0,0,0,[1]
awesome-selfhosted/awesome-selfhosted,katelynn620,1,0,0,0,0,0,0,0,0,0,0,0,0,0,[1]
awesome-selfhosted/awesome-selfhosted,ridzwanism,1,0,0,0,0,0,0,0,0,0,0,0,0,0,[1]
awesome-selfhosted/awesome-selfhosted,JonJonW5150,1,0,0,0,0,0,0,0,0,0,0,0,0,0,[1]
awesome-selfhosted/awesome-selfhosted,tatemonicae,1,0,0,0,0,0,0,0,0,0,0,0,0,0,[1]
awesome-selfhosted/awesome-selfhosted,xxAKURA73xx,1,0,0,0,0,0,0,0,0,0,0,0,0,0,[1]
awesome-selfhosted/awesome-selfhosted,incoggnito,1,0,0,1,0,0,0,0,0,0,0,0,0,0,[2]
awesome-selfhosted/awesome-selfhosted,qwitriy,1,0,0,0,0,0,0,0,0,0,0,0,0,0,[1]
awesome-selfhosted/awesome-selfhosted,coderkan,1,0,0,0,0,0,0,0,0,0,0,0,0,0,[1]
awesome-selfhosted/awesome-selfhosted,chrisbliss18,1,0,0,0,0,0,0,0,0,0,0,0,0,0,[1]
awesome-selfhosted/awesome-selfhosted,godkingjay,1,0,0,0,0,0,0,0,0,0,0,0,0,0,[1]
awesome-selfhosted/awesome-selfhosted,Vhumatshelo3,1,0,0,0,0,0,0,0,0,0,0,0,0,0,[1]
awesome-selfhosted/awesome-selfhosted,manu-vilachan-lodgify,1,0,0,0,0,0,0,0,0,0,0,0,0,0,[1]
awesome-selfhosted/awesome-selfhosted,CORDERERROR,1,0,0,0,0,0,0,0,0,0,0,0,0,0,[1]
awesome-selfhosted/awesome-selfhosted,SBlincov,1,0,0,0,0,0,0,0,0,0,0,0,0,0,[1]
awesome-selfhosted/awesome-selfhosted,mak3l3l3,1,0,0,0,0,0,0,0,0,0,0,0,0,0,[1]
awesome-selfhosted/awesome-selfhosted,KillerKingDjMonkey,1,0,0,0,0,0,0,0,0,0,0,0,0,0,[1]
awesome-selfhosted/awesome-selfhosted,Fbisinger,1,0,0,0,0,0,0,0,0,0,0,0,0,0,[1]
awesome-selfhosted/awesome-selfhosted,rubbieKelvin,1,0,0,0,0,0,0,0,0,0,0,0,0,0,[1]
awesome-selfhosted/awesome-selfhosted,DazChewie81,1,0,0,0,0,0,0,0,0,0,0,0,0,0,[1]
awesome-selfhosted/awesome-selfhosted,antiformio,1,0,0,0,0,0,0,0,0,0,0,0,0,0,[1]
awesome-selfhosted/awesome-selfhosted,BimaPancara,1,0,0,0,0,0,0,0,0,0,0,0,0,0,[1]
awesome-selfhosted/awesome-selfhosted,zhoublin,1,0,0,0,0,0,0,0,0,0,0,0,0,0,[1]
awesome-selfhosted/awesome-selfhosted,Fokingg,1,0,0,0,0,0,0,0,0,0,0,0,0,0,[1]
awesome-selfhosted/awesome-selfhosted,stoner420420,1,0,0,0,0,0,0,0,0,0,0,0,0,0,[1]
awesome-selfhosted/awesome-selfhosted,Dollacity,1,0,0,0,0,0,0,0,0,0,0,0,0,0,[1]
awesome-selfhosted/awesome-selfhosted,idontno2023,1,0,0,0,0,0,0,0,0,0,0,0,0,0,[1]
awesome-selfhosted/awesome-selfhosted,Fynmn,1,0,0,0,0,0,0,0,0,0,0,0,0,0,[1]
awesome-selfhosted/awesome-selfhosted,ddkhanh,1,0,0,0,0,0,0,0,0,0,0,0,0,0,[1]
awesome-selfhosted/awesome-selfhosted,notclickable-jordan,0,0,0,0,0,0,0,0,0,0,0,0,0,0,[0]
awesome-selfhosted/awesome-selfhosted,carolinavillada30,1,1,0,0,0,0,0,0,0,0,0,0,0,0,[2]
awesome-selfhosted/awesome-selfhosted,RedTriton,1,0,0,0,0,0,0,0,0,0,0,0,0,0,[1]
awesome-selfhosted/awesome-selfhosted,flurb18,1,0,0,0,0,0,0,0,0,0,0,0,0,0,[1]
awesome-selfhosted/awesome-selfhosted,congvu24,1,0,0,0,0,0,0,0,0,0,0,0,0,0,[1]
awesome-selfhosted/awesome-selfhosted,nina-hpn,1,0,0,0,0,0,0,0,0,0,0,0,0,0,[1]
awesome-selfhosted/awesome-selfhosted,ltt2077,1,0,0,0,0,0,0,0,0,0,0,0,0,0,[1]
awesome-selfhosted/awesome-selfhosted,MacaylaKayeRose,1,0,0,0,0,0,0,0,0,0,0,0,0,0,[1]
awesome-selfhosted/awesome-selfhosted,thuan2210,1,0,0,0,0,0,0,0,0,0,0,0,0,0,[1]
awesome-selfhosted/awesome-selfhosted,andrismh,1,0,0,0,0,0,0,0,0,0,0,0,0,0,[1]
awesome-selfhosted/awesome-selfhosted,Abdelaad,1,0,0,0,0,0,0,0,0,0,0,0,0,0,[1]
awesome-selfhosted/awesome-selfhosted,OTUNBA64,1,0,0,0,0,0,0,0,0,0,0,0,0,0,[1]
awesome-selfhosted/awesome-selfhosted,diciembre,1,0,0,0,0,0,0,0,0,0,0,0,0,0,[1]
awesome-selfhosted/awesome-selfhosted,BlackDesire1305,1,0,0,0,0,0,0,0,0,0,0,0,0,0,[1]
awesome-selfhosted/awesome-selfhosted,devan3068,1,0,0,0,0,0,0,0,0,0,0,0,0,0,[1]
awesome-selfhosted/awesome-selfhosted,Denis8080,1,0,0,0,0,0,0,0,0,0,0,0,0,0,[1]
awesome-selfhosted/awesome-selfhosted,mir4c1e,1,0,0,0,0,0,0,0,0,0,0,0,0,0,[1]
awesome-selfhosted/awesome-selfhosted,HeyDaeras,1,0,0,0,0,0,0,0,0,0,0,0,0,0,[1]
awesome-selfhosted/awesome-selfhosted,Ali-Hela,2,0,0,0,0,0,0,0,0,0,0,0,0,0,[2]
awesome-selfhosted/awesome-selfhosted,Ivan-TSH,1,0,0,0,0,0,0,0,0,0,0,0,0,0,[1]
awesome-selfhosted/awesome-selfhosted,leocodesthings,1,0,0,0,0,0,0,0,0,0,0,0,0,0,[1]
awesome-selfhosted/awesome-selfhosted,Mugens,1,0,0,0,0,0,0,0,0,0,0,0,0,0,[1]
awesome-selfhosted/awesome-selfhosted,giacrossi,1,0,0,0,0,0,0,0,0,0,0,0,0,0,[1]
awesome-selfhosted/awesome-selfhosted,johanCloud,1,0,0,0,0,0,0,0,0,0,0,0,0,0,[1]
awesome-selfhosted/awesome-selfhosted,IaroslavR,1,0,0,0,0,0,0,0,0,0,0,0,0,0,[1]
awesome-selfhosted/awesome-selfhosted,ItsTopix,1,0,0,0,0,0,0,0,0,0,0,0,0,0,[1]
awesome-selfhosted/awesome-selfhosted,phillips397,1,0,0,0,0,0,0,0,0,0,0,0,0,0,[1]
awesome-selfhosted/awesome-selfhosted,yangchaoming,1,0,0,0,0,0,0,0,0,0,0,0,0,0,[1]
awesome-selfhosted/awesome-selfhosted,laizhenxing,1,0,0,0,0,0,0,0,0,0,0,0,0,0,[1]
awesome-selfhosted/awesome-selfhosted,AyHa1810,1,0,0,0,0,0,0,0,0,0,0,0,0,0,[1]
awesome-selfhosted/awesome-selfhosted,stackptr,1,0,0,0,0,0,0,0,0,0,0,0,0,0,[1]
awesome-selfhosted/awesome-selfhosted,Rapt0rtrail,1,0,0,0,0,0,0,0,0,0,0,0,0,0,[1]
awesome-selfhosted/awesome-selfhosted,vmenge,1,0,0,0,0,0,0,0,0,0,0,0,0,0,[1]
awesome-selfhosted/awesome-selfhosted,TurboMachina,1,0,0,0,0,0,0,0,0,0,0,0,0,0,[1]
awesome-selfhosted/awesome-selfhosted,cfvote,1,0,0,0,0,0,0,0,0,0,0,0,0,0,[1]
awesome-selfhosted/awesome-selfhosted,xjkbro,1,0,0,0,0,0,0,0,0,0,0,0,0,0,[1]
awesome-selfhosted/awesome-selfhosted,Juanre24,1,0,0,0,0,0,0,0,0,0,0,0,0,0,[1]
awesome-selfhosted/awesome-selfhosted,Anvi-Sisa,1,0,0,0,0,0,0,0,0,0,0,0,0,0,[1]
awesome-selfhosted/awesome-selfhosted,manojadams,1,0,0,0,0,0,0,0,0,0,0,0,0,0,[1]
awesome-selfhosted/awesome-selfhosted,bryceprutsos,1,0,0,0,0,0,0,0,0,0,0,0,0,0,[1]
awesome-selfhosted/awesome-selfhosted,Foreverpaid35,1,0,0,0,0,0,0,0,0,0,0,0,0,0,[1]
awesome-selfhosted/awesome-selfhosted,captdav,1,0,0,0,0,0,0,0,0,0,0,0,0,0,[1]
awesome-selfhosted/awesome-selfhosted,LuckyTufo,1,0,0,0,0,0,0,0,0,0,0,0,0,0,[1]
awesome-selfhosted/awesome-selfhosted,Alsamrs,1,0,0,0,0,0,0,0,0,0,0,0,0,0,[1]
awesome-selfhosted/awesome-selfhosted,andygeorge,1,0,0,0,0,0,0,0,0,0,0,0,0,0,[1]
awesome-selfhosted/awesome-selfhosted,Yeashin351,1,0,0,0,0,0,0,0,0,0,0,0,0,0,[1]
awesome-selfhosted/awesome-selfhosted,hongbin-xu,1,0,0,0,0,0,0,0,0,0,0,0,0,0,[1]
awesome-selfhosted/awesome-selfhosted,nitre,1,0,0,0,0,0,0,0,0,0,0,0,0,0,[1]
awesome-selfhosted/awesome-selfhosted,virginonline,1,0,0,0,0,0,0,0,0,0,0,0,0,0,[1]
awesome-selfhosted/awesome-selfhosted,anilnal,1,0,0,0,0,0,0,0,0,0,0,0,0,0,[1]
awesome-selfhosted/awesome-selfhosted,Dunderbut,1,0,0,0,0,0,0,0,0,0,0,0,0,0,[1]
awesome-selfhosted/awesome-selfhosted,Parka-boy,1,0,0,0,0,0,0,0,0,0,0,0,0,0,[1]
awesome-selfhosted/awesome-selfhosted,FizzyMUC,1,0,0,0,0,0,0,0,0,0,0,0,0,0,[1]
awesome-selfhosted/awesome-selfhosted,RedKlaus,1,0,0,0,0,0,0,0,0,0,0,0,0,0,[1]
awesome-selfhosted/awesome-selfhosted,Alirezasarpi,1,0,0,0,0,0,0,0,0,0,0,0,0,0,[1]
awesome-selfhosted/awesome-selfhosted,livecore-interactive,1,0,0,0,0,0,0,0,0,0,0,0,0,0,[1]
awesome-selfhosted/awesome-selfhosted,trozzelle,1,0,0,0,0,0,0,0,0,0,0,0,0,0,[1]
awesome-selfhosted/awesome-selfhosted,nickhadrien,1,0,0,0,0,0,0,0,0,0,0,0,0,0,[1]
awesome-selfhosted/awesome-selfhosted,laurenmyers2255,1,0,0,0,0,0,0,0,0,0,0,0,0,0,[1]
awesome-selfhosted/awesome-selfhosted,asliahmed,1,0,0,0,0,0,0,0,0,0,0,0,0,0,[1]
awesome-selfhosted/awesome-selfhosted,Skapino8,1,0,0,0,0,0,0,0,0,0,0,0,0,0,[1]
awesome-selfhosted/awesome-selfhosted,bandoos,1,0,0,0,0,0,0,0,0,0,0,0,0,0,[1]
awesome-selfhosted/awesome-selfhosted,serpatsama,1,0,0,0,0,0,0,0,0,0,0,0,0,0,[1]
awesome-selfhosted/awesome-selfhosted,nodiscc,0,0,2,0,11,20,0,9,10,0,0,0,0,0,[52]
awesome-selfhosted/awesome-selfhosted,FallenAngel267,1,0,0,0,0,0,0,0,0,0,0,0,0,0,[1]
awesome-selfhosted/awesome-selfhosted,kyleweise,1,0,0,0,0,0,0,0,0,0,0,0,0,0,[1]
awesome-selfhosted/awesome-selfhosted,oguzgocmen,1,0,0,0,0,0,0,0,0,0,0,0,0,0,[1]
awesome-selfhosted/awesome-selfhosted,kingme420,1,0,0,0,0,0,0,0,0,0,0,0,0,0,[1]
awesome-selfhosted/awesome-selfhosted,atomic0supply,1,0,0,0,0,0,0,0,0,0,0,0,0,0,[1]
awesome-selfhosted/awesome-selfhosted,Amirhoseinghasmiloo,1,0,0,0,0,0,0,0,0,0,0,0,0,0,[1]
awesome-selfhosted/awesome-selfhosted,mercedago,1,0,0,0,0,0,0,0,0,0,0,0,0,0,[1]
awesome-selfhosted/awesome-selfhosted,Aeoraa,1,0,0,0,0,0,0,0,0,0,0,0,0,0,[1]
awesome-selfhosted/awesome-selfhosted,Manu37-lab,1,0,0,0,0,0,0,0,0,0,0,0,0,0,[1]
awesome-selfhosted/awesome-selfhosted,347303308,1,0,0,0,0,0,0,0,0,0,0,0,0,0,[1]
awesome-selfhosted/awesome-selfhosted,JakobLierman,1,0,0,0,0,0,0,0,0,0,0,0,0,0,[1]
awesome-selfhosted/awesome-selfhosted,mbaraa,1,0,0,0,0,0,0,0,0,0,0,0,0,0,[1]
awesome-selfhosted/awesome-selfhosted,octane254,1,0,0,0,0,0,0,0,0,0,0,0,0,0,[1]
awesome-selfhosted/awesome-selfhosted,DongShi,1,0,0,0,0,0,0,0,0,0,0,0,0,0,[1]
awesome-selfhosted/awesome-selfhosted,Crackpitt,1,0,0,0,0,0,0,0,0,0,0,0,0,0,[1]
awesome-selfhosted/awesome-selfhosted,TobPetersen,1,0,0,0,0,0,0,0,0,0,0,0,0,0,[1]
awesome-selfhosted/awesome-selfhosted,Tayo124,1,0,0,0,0,0,0,0,0,0,0,0,0,0,[1]
awesome-selfhosted/awesome-selfhosted,hoangphuc998,1,0,0,0,0,0,0,0,0,0,0,0,0,0,[1]
awesome-selfhosted/awesome-selfhosted,imGmc,1,0,0,0,0,0,0,0,0,0,0,0,0,0,[1]
awesome-selfhosted/awesome-selfhosted,ibz,0,1,0,0,0,1,0,0,0,0,0,0,0,0,[2]
awesome-selfhosted/awesome-selfhosted,Llesue,1,0,0,0,0,0,0,0,0,0,0,0,0,0,[1]
awesome-selfhosted/awesome-selfhosted,omi02002,1,0,0,0,0,0,0,0,0,0,0,0,0,0,[1]
awesome-selfhosted/awesome-selfhosted,MaZhichengg,1,0,0,0,0,0,0,0,0,0,0,0,0,0,[1]
awesome-selfhosted/awesome-selfhosted,ankilovandrej2,1,0,0,0,0,0,0,0,0,0,0,0,0,0,[1]
awesome-selfhosted/awesome-selfhosted,li494391537,1,0,0,0,0,0,0,0,0,0,0,0,0,0,[1]
awesome-selfhosted/awesome-selfhosted,aswinnapang,1,0,0,0,0,0,0,0,0,0,0,0,0,0,[1]
awesome-selfhosted/awesome-selfhosted,zhenye233,1,0,0,0,0,0,0,0,0,0,0,0,0,0,[1]
awesome-selfhosted/awesome-selfhosted,EASasx,1,0,0,0,0,0,0,0,0,0,0,0,0,0,[1]
awesome-selfhosted/awesome-selfhosted,0x6b-dev,1,0,0,0,0,0,0,0,0,0,0,0,0,0,[1]
awesome-selfhosted/awesome-selfhosted,x0f5c3,1,0,0,0,0,0,0,0,0,0,0,0,0,0,[1]
awesome-selfhosted/awesome-selfhosted,SheetlSh3010,1,0,0,0,0,0,0,0,0,0,0,0,0,0,[1]
awesome-selfhosted/awesome-selfhosted,Tanis74,1,0,0,0,0,0,0,0,0,0,0,0,0,0,[1]
awesome-selfhosted/awesome-selfhosted,creptt,1,0,0,0,0,0,0,0,0,0,0,0,0,0,[1]
awesome-selfhosted/awesome-selfhosted,ViktorAustli,1,0,0,0,0,0,0,0,0,0,0,0,0,0,[1]
awesome-selfhosted/awesome-selfhosted,Sanjay-76,1,0,0,0,0,0,0,0,0,0,0,0,0,0,[1]
awesome-selfhosted/awesome-selfhosted,poyraz22,1,0,0,0,0,0,0,0,0,0,0,0,0,0,[1]
awesome-selfhosted/awesome-selfhosted,akynazh,1,0,0,0,0,0,0,0,0,0,0,0,0,0,[1]
awesome-selfhosted/awesome-selfhosted,bianyukun1213,1,0,0,0,0,0,0,0,0,0,0,0,0,0,[1]
awesome-selfhosted/awesome-selfhosted,PiyushKhurana,1,0,0,0,0,0,0,0,0,0,0,0,0,0,[1]
awesome-selfhosted/awesome-selfhosted,Hedwi,0,1,0,0,0,0,0,0,0,0,0,0,0,0,[1]
awesome-selfhosted/awesome-selfhosted,lazersate,0,1,0,0,0,0,0,0,0,0,0,0,0,0,[1]
awesome-selfhosted/awesome-selfhosted,Melancholy-you,1,0,0,0,0,0,0,0,0,0,0,0,0,0,[1]
awesome-selfhosted/awesome-selfhosted,blindjocker,1,0,0,0,0,0,0,0,0,0,0,0,0,0,[1]
awesome-selfhosted/awesome-selfhosted,gkrajuska,1,0,0,0,0,0,0,0,0,0,0,0,0,0,[1]
awesome-selfhosted/awesome-selfhosted,themepresse,1,0,0,0,0,0,0,0,0,0,0,0,0,0,[1]
awesome-selfhosted/awesome-selfhosted,huyxdong,1,0,0,0,0,0,0,0,0,0,0,0,0,0,[1]
awesome-selfhosted/awesome-selfhosted,droppur,1,0,0,0,0,0,0,0,0,0,0,0,0,0,[1]
awesome-selfhosted/awesome-selfhosted,nixproject,1,0,0,0,0,0,0,0,0,0,0,0,0,0,[1]
awesome-selfhosted/awesome-selfhosted,shashwatxx,1,0,0,0,0,0,0,0,0,0,0,0,0,0,[1]
awesome-selfhosted/awesome-selfhosted,Zharshu,1,0,0,0,0,0,0,0,0,0,0,0,0,0,[1]
awesome-selfhosted/awesome-selfhosted,atomsanktech,1,0,0,0,0,0,0,0,0,0,0,0,0,0,[1]
awesome-selfhosted/awesome-selfhosted,chouaib997,1,0,0,0,0,0,0,0,0,0,0,0,0,0,[1]
awesome-selfhosted/awesome-selfhosted,rapidghi,1,0,0,0,0,0,0,0,0,0,0,0,0,0,[1]
awesome-selfhosted/awesome-selfhosted,ikeamoah,1,0,0,0,0,0,0,0,0,0,0,0,0,0,[1]
awesome-selfhosted/awesome-selfhosted,mlf20,1,0,0,0,0,0,0,0,0,0,0,0,0,0,[1]
awesome-selfhosted/awesome-selfhosted,sakuyaslove,1,0,0,0,0,0,0,0,0,0,0,0,0,0,[1]
awesome-selfhosted/awesome-selfhosted,federdaemn,1,0,0,0,0,0,0,0,0,0,0,0,0,0,[1]
awesome-selfhosted/awesome-selfhosted,sebass72,1,0,0,0,0,0,0,0,0,0,0,0,0,0,[1]
awesome-selfhosted/awesome-selfhosted,rickylford,1,0,0,0,0,0,0,0,0,0,0,0,0,0,[1]
awesome-selfhosted/awesome-selfhosted,d0sty,1,0,0,0,0,0,0,0,0,0,0,0,0,0,[1]
awesome-selfhosted/awesome-selfhosted,pulsarforge,1,0,0,0,0,0,0,0,0,0,0,0,0,0,[1]
awesome-selfhosted/awesome-selfhosted,devmoudgalesh,1,0,0,0,0,0,0,0,0,0,0,0,0,0,[1]
awesome-selfhosted/awesome-selfhosted,blackamr,1,0,0,0,0,0,0,0,0,0,0,0,0,0,[1]
awesome-selfhosted/awesome-selfhosted,bucketsadmin,0,1,0,0,0,0,0,0,0,0,0,0,0,0,[1]
awesome-selfhosted/awesome-selfhosted,root-it-all,1,0,0,0,0,0,0,0,0,0,0,0,0,0,[1]
awesome-selfhosted/awesome-selfhosted,I3aNgDiChSeLbSt,1,0,0,0,0,0,0,0,0,0,0,0,0,0,[1]
awesome-selfhosted/awesome-selfhosted,hjuraev,1,0,0,0,0,0,0,0,0,0,0,0,0,0,[1]
awesome-selfhosted/awesome-selfhosted,Junzh821,1,0,0,0,0,0,0,0,0,0,0,0,0,0,[1]
awesome-selfhosted/awesome-selfhosted,Lorrenzzoo,1,0,0,0,0,0,0,0,0,0,0,0,0,0,[1]
awesome-selfhosted/awesome-selfhosted,znjxz,1,0,0,0,0,0,0,0,0,0,0,0,0,0,[1]
awesome-selfhosted/awesome-selfhosted,jintojose70,1,0,0,0,0,0,0,0,0,0,0,0,0,0,[1]
awesome-selfhosted/awesome-selfhosted,1983Thai,1,0,0,0,0,0,0,0,0,0,0,0,0,0,[1]
awesome-selfhosted/awesome-selfhosted,riptank,1,0,0,0,0,0,0,0,0,0,0,0,0,0,[1]
awesome-selfhosted/awesome-selfhosted,kathleenazali,1,0,0,0,0,0,0,0,0,0,0,0,0,0,[1]
awesome-selfhosted/awesome-selfhosted,dsparta,1,0,0,0,0,0,0,0,0,0,0,0,0,0,[1]
awesome-selfhosted/awesome-selfhosted,dschibbb,1,0,0,0,0,0,0,0,0,0,0,0,0,0,[1]
awesome-selfhosted/awesome-selfhosted,BrokenVoodooDoll,1,0,0,0,0,0,0,0,0,0,0,0,0,0,[1]
awesome-selfhosted/awesome-selfhosted,ashtonli,1,0,0,0,0,0,0,0,0,0,0,0,0,0,[1]
awesome-selfhosted/awesome-selfhosted,CJAnders,1,0,0,0,0,0,0,0,0,0,0,0,0,0,[1]
awesome-selfhosted/awesome-selfhosted,ikilincoglu,1,0,0,0,0,0,0,0,0,0,0,0,0,0,[1]
awesome-selfhosted/awesome-selfhosted,soso-li,1,0,0,0,0,0,0,0,0,0,0,0,0,0,[1]
awesome-selfhosted/awesome-selfhosted,bfahrenfort,1,0,0,0,0,0,0,0,0,0,0,0,0,0,[1]
awesome-selfhosted/awesome-selfhosted,xqz-u,1,0,0,0,0,0,0,0,0,0,0,0,0,0,[1]
awesome-selfhosted/awesome-selfhosted,abovewallstreet,1,0,0,0,0,0,0,0,0,0,0,0,0,0,[1]
awesome-selfhosted/awesome-selfhosted,Austin996158,1,0,0,0,0,0,0,0,0,0,0,0,0,0,[1]
awesome-selfhosted/awesome-selfhosted,IThundxr,1,0,0,0,0,0,0,0,0,0,0,0,0,0,[1]
awesome-selfhosted/awesome-selfhosted,jfine,1,0,0,0,0,0,0,0,0,0,0,0,0,0,[1]
awesome-selfhosted/awesome-selfhosted,wilcosec,1,0,0,0,0,0,0,0,0,0,0,0,0,0,[1]
awesome-selfhosted/awesome-selfhosted,DuinoDu,1,0,0,0,0,0,0,0,0,0,0,0,0,0,[1]
awesome-selfhosted/awesome-selfhosted,DiegoHernandezKG,1,0,0,0,0,0,0,0,0,0,0,0,0,0,[1]
awesome-selfhosted/awesome-selfhosted,mootis,1,0,0,0,0,0,0,0,0,0,0,0,0,0,[1]
awesome-selfhosted/awesome-selfhosted,MusaTheWise1,1,0,0,0,0,0,0,0,0,0,0,0,0,0,[1]
awesome-selfhosted/awesome-selfhosted,jalovettFB,1,0,0,0,0,0,0,0,0,0,0,0,0,0,[1]
awesome-selfhosted/awesome-selfhosted,AngryCabbage73,1,0,0,0,0,0,0,0,0,0,0,0,0,0,[1]
awesome-selfhosted/awesome-selfhosted,nihmrnd,1,0,0,0,0,0,0,0,0,0,0,0,0,0,[1]
awesome-selfhosted/awesome-selfhosted,JulianPrieber,0,2,0,0,0,1,0,0,0,0,0,0,0,0,[3]
awesome-selfhosted/awesome-selfhosted,iNFERN666,1,0,0,0,0,0,0,0,0,0,0,0,0,0,[1]
awesome-selfhosted/awesome-selfhosted,Sawud-Simon,1,0,0,0,0,0,0,0,0,0,0,0,0,0,[1]
awesome-selfhosted/awesome-selfhosted,SalsaCodes22,1,0,0,0,0,0,0,0,0,0,0,0,0,0,[1]
awesome-selfhosted/awesome-selfhosted,MatthewK78,1,0,0,0,0,0,0,0,0,0,0,0,0,0,[1]
awesome-selfhosted/awesome-selfhosted,davonb50,1,0,0,0,0,0,0,0,0,0,0,0,0,0,[1]
awesome-selfhosted/awesome-selfhosted,danvergara,1,0,0,0,0,0,0,0,0,0,0,0,0,0,[1]
awesome-selfhosted/awesome-selfhosted,Arturomtz8,1,0,0,0,0,0,0,0,0,0,0,0,0,0,[1]
awesome-selfhosted/awesome-selfhosted,thackmaster,0,1,0,0,0,0,0,0,0,0,0,0,0,0,[1]
awesome-selfhosted/awesome-selfhosted,PasterDeuDark,1,0,0,0,0,0,0,0,0,0,0,0,0,0,[1]
awesome-selfhosted/awesome-selfhosted,fathnakbar,1,0,0,0,0,0,0,0,0,0,0,0,0,0,[1]
awesome-selfhosted/awesome-selfhosted,top10express771,1,0,0,0,0,0,0,0,0,0,0,0,0,0,[1]
awesome-selfhosted/awesome-selfhosted,masip85,1,0,0,0,0,0,0,0,0,0,0,0,0,0,[1]
awesome-selfhosted/awesome-selfhosted,lewis1994lp,1,0,0,0,0,0,0,0,0,0,0,0,0,0,[1]
awesome-selfhosted/awesome-selfhosted,permabei,1,0,0,0,0,0,0,0,0,0,0,0,0,0,[1]
awesome-selfhosted/awesome-selfhosted,logandgsmith,1,0,0,0,0,0,0,0,0,0,0,0,0,0,[1]
awesome-selfhosted/awesome-selfhosted,MrRainman,1,0,0,0,0,0,0,0,0,0,0,0,0,0,[1]
awesome-selfhosted/awesome-selfhosted,guenny42,2,0,0,0,0,0,0,0,0,0,0,0,0,0,[2]
awesome-selfhosted/awesome-selfhosted,NalinPlad,1,0,0,0,0,0,0,0,0,0,0,0,0,0,[1]
awesome-selfhosted/awesome-selfhosted,RosaleeAI,1,0,0,0,0,0,0,0,0,0,0,0,0,0,[1]
awesome-selfhosted/awesome-selfhosted,subinfeiso,1,0,0,0,0,0,0,0,0,0,0,0,0,0,[1]
awesome-selfhosted/awesome-selfhosted,Oyetricky,1,0,0,0,0,0,0,0,0,0,0,0,0,0,[1]
awesome-selfhosted/awesome-selfhosted,artgag0250,1,0,0,0,0,0,0,0,0,0,0,0,0,0,[1]
awesome-selfhosted/awesome-selfhosted,AsianMatty,1,0,0,0,0,0,0,0,0,0,0,0,0,0,[1]
awesome-selfhosted/awesome-selfhosted,Johnny1717,2,0,0,0,0,0,0,0,0,0,0,0,0,0,[2]
awesome-selfhosted/awesome-selfhosted,857464adfaf,1,0,0,0,0,0,0,0,0,0,0,0,0,0,[1]
awesome-selfhosted/awesome-selfhosted,stangerkm,1,0,0,0,0,0,0,0,0,0,0,0,0,0,[1]
awesome-selfhosted/awesome-selfhosted,iRONiCBAT7,1,0,0,0,0,0,0,0,0,0,0,0,0,0,[1]
awesome-selfhosted/awesome-selfhosted,ali963sy,1,0,0,0,0,0,0,0,0,0,0,0,0,0,[1]
awesome-selfhosted/awesome-selfhosted,MarcoBaroncini,1,0,0,0,0,0,0,0,0,0,0,0,0,0,[1]
awesome-selfhosted/awesome-selfhosted,StonaJake420,1,0,0,0,0,0,0,0,0,0,0,0,0,0,[1]
awesome-selfhosted/awesome-selfhosted,amajola,1,0,0,0,0,0,0,0,0,0,0,0,0,0,[1]
awesome-selfhosted/awesome-selfhosted,BOrc0,1,0,0,0,0,0,0,0,0,0,0,0,0,0,[1]
awesome-selfhosted/awesome-selfhosted,cr2007,1,0,0,0,0,0,0,0,0,0,0,0,0,0,[1]
awesome-selfhosted/awesome-selfhosted,CHackoNorris,1,0,0,0,0,0,0,0,0,0,0,0,0,0,[1]
awesome-selfhosted/awesome-selfhosted,ChuckWheat,1,0,0,0,0,0,0,0,0,0,0,0,0,0,[1]
awesome-selfhosted/awesome-selfhosted,Righteouz,1,0,0,0,0,0,0,0,0,0,0,0,0,0,[1]
awesome-selfhosted/awesome-selfhosted,jyygithub,1,0,0,0,0,0,0,0,0,0,0,0,0,0,[1]
awesome-selfhosted/awesome-selfhosted,stokito,0,0,3,1,0,0,0,0,0,0,0,0,0,0,[4]
awesome-selfhosted/awesome-selfhosted,luc0zzo,1,0,0,0,0,0,0,0,0,0,0,0,0,0,[1]
awesome-selfhosted/awesome-selfhosted,SalemAttia,1,0,0,0,0,0,0,0,0,0,0,0,0,0,[1]
awesome-selfhosted/awesome-selfhosted,rishik-rohan,1,0,0,0,0,0,0,0,0,0,0,0,0,0,[1]
awesome-selfhosted/awesome-selfhosted,JohnnyBGoood,1,0,0,0,0,0,0,0,0,0,0,0,0,0,[1]
awesome-selfhosted/awesome-selfhosted,MaximeMRF,1,0,0,0,0,0,0,0,0,0,0,0,0,0,[1]
awesome-selfhosted/awesome-selfhosted,Dknte,1,0,0,0,0,0,0,0,0,0,0,0,0,0,[1]
awesome-selfhosted/awesome-selfhosted,VladimirGaristov,1,0,0,0,0,0,0,0,0,0,0,0,0,0,[1]
awesome-selfhosted/awesome-selfhosted,KhaledHosseini,1,0,0,0,0,0,0,0,0,0,0,0,0,0,[1]
awesome-selfhosted/awesome-selfhosted,jrodonnell,1,0,0,0,0,0,0,0,0,0,0,0,0,0,[1]
awesome-selfhosted/awesome-selfhosted,obarlev,1,0,0,0,0,0,0,0,0,0,0,0,0,0,[1]
awesome-selfhosted/awesome-selfhosted,JaccyLow,1,0,0,0,0,0,0,0,0,0,0,0,0,0,[1]
awesome-selfhosted/awesome-selfhosted,Mustafayi,1,0,0,0,0,0,0,0,0,0,0,0,0,0,[1]
awesome-selfhosted/awesome-selfhosted,HueyGangst,1,0,0,0,0,0,0,0,0,0,0,0,0,0,[1]
awesome-selfhosted/awesome-selfhosted,mkj-ui,1,0,0,0,0,0,0,0,0,0,0,0,0,0,[1]
awesome-selfhosted/awesome-selfhosted,basilro,1,0,0,0,0,0,0,0,0,0,0,0,0,0,[1]
awesome-selfhosted/awesome-selfhosted,neco54,1,0,0,0,0,0,0,0,0,0,0,0,0,0,[1]
awesome-selfhosted/awesome-selfhosted,winarcooo,1,0,0,0,0,0,0,0,0,0,0,0,0,0,[1]
awesome-selfhosted/awesome-selfhosted,imujtaba8488,1,0,0,0,0,0,0,0,0,0,0,0,0,0,[1]
awesome-selfhosted/awesome-selfhosted,pruidzeko,1,0,0,0,0,0,0,0,0,0,0,0,0,0,[1]
awesome-selfhosted/awesome-selfhosted,veeroohre,1,0,0,0,0,0,0,0,0,0,0,0,0,0,[1]
awesome-selfhosted/awesome-selfhosted,davesbits,1,0,0,0,0,0,0,0,0,0,0,0,0,0,[1]
awesome-selfhosted/awesome-selfhosted,mudler,0,1,0,0,0,1,0,0,0,0,0,0,0,0,[2]
awesome-selfhosted/awesome-selfhosted,Kaderraji,1,0,0,0,0,0,0,0,0,0,0,0,0,0,[1]
awesome-selfhosted/awesome-selfhosted,Rajanpra,1,0,0,0,0,0,0,0,0,0,0,0,0,0,[1]
awesome-selfhosted/awesome-selfhosted,techconsulter,1,0,0,0,0,0,0,0,0,0,0,0,0,0,[1]
awesome-selfhosted/awesome-selfhosted,edokysi,1,0,0,0,0,0,0,0,0,0,0,0,0,0,[1]
awesome-selfhosted/awesome-selfhosted,ryriry,1,0,0,0,0,0,0,0,0,0,0,0,0,0,[1]
awesome-selfhosted/awesome-selfhosted,YuliyaViolin,1,0,0,0,0,0,0,0,0,0,0,0,0,0,[1]
awesome-selfhosted/awesome-selfhosted,Lotus-xml,1,0,0,0,0,0,0,0,0,0,0,0,0,0,[1]
awesome-selfhosted/awesome-selfhosted,53jk1,1,0,0,0,0,0,0,0,0,0,0,0,0,0,[1]
awesome-selfhosted/awesome-selfhosted,cur10sDEV,1,0,0,0,0,0,0,0,0,0,0,0,0,0,[1]
awesome-selfhosted/awesome-selfhosted,MaximeDekegeleer,1,0,0,0,0,0,0,0,0,0,0,0,0,0,[1]
awesome-selfhosted/awesome-selfhosted,RamMohan29,1,0,0,0,0,0,0,0,0,0,0,0,0,0,[1]
awesome-selfhosted/awesome-selfhosted,sengeezer,1,0,0,0,0,0,0,0,0,0,0,0,0,0,[1]
awesome-selfhosted/awesome-selfhosted,Jamaal239,1,0,0,0,0,0,0,0,0,0,0,0,0,0,[1]
awesome-selfhosted/awesome-selfhosted,Krishivag,1,0,0,0,0,0,0,0,0,0,0,0,0,0,[1]
awesome-selfhosted/awesome-selfhosted,SnackHack12,1,0,0,0,0,0,0,0,0,0,0,0,0,0,[1]
awesome-selfhosted/awesome-selfhosted,Ljwilliford,0,0,0,1,0,0,0,0,0,0,0,0,0,0,[1]
awesome-selfhosted/awesome-selfhosted,ADRopentech,1,0,0,0,0,0,0,0,0,0,0,0,0,0,[1]
awesome-selfhosted/awesome-selfhosted,sagar-chandarana,1,0,0,0,0,0,0,0,0,0,0,0,0,0,[1]
awesome-selfhosted/awesome-selfhosted,ericjuice,1,0,0,0,0,0,0,0,0,0,0,0,0,0,[1]
awesome-selfhosted/awesome-selfhosted,alexmyczko,1,0,0,0,0,0,0,0,0,0,0,0,0,0,[1]
awesome-selfhosted/awesome-selfhosted,himakar-plutotv,1,0,0,0,0,0,0,0,0,0,0,0,0,0,[1]
awesome-selfhosted/awesome-selfhosted,sknr,1,0,0,0,0,0,0,0,0,0,0,0,0,0,[1]
awesome-selfhosted/awesome-selfhosted,FreakingGod,1,0,0,0,0,0,0,0,0,0,0,0,0,0,[1]
awesome-selfhosted/awesome-selfhosted,davitgog,1,0,0,0,0,0,0,0,0,0,0,0,0,0,[1]
awesome-selfhosted/awesome-selfhosted,blackmonchasemining,1,0,0,0,0,0,0,0,0,0,0,0,0,0,[1]
awesome-selfhosted/awesome-selfhosted,Mariyamma1233,1,0,0,0,0,0,0,0,0,0,0,0,0,0,[1]
awesome-selfhosted/awesome-selfhosted,versilis,1,0,0,0,0,0,0,0,0,0,0,0,0,0,[1]
awesome-selfhosted/awesome-selfhosted,abdulkareem-ti,1,0,0,0,0,0,0,0,0,0,0,0,0,0,[1]
awesome-selfhosted/awesome-selfhosted,YTEC-info,1,0,0,0,0,0,0,0,0,0,0,0,0,0,[1]
awesome-selfhosted/awesome-selfhosted,H3xaT0m,1,0,0,0,0,0,0,0,0,0,0,0,0,0,[1]
awesome-selfhosted/awesome-selfhosted,trumankitos13,1,0,0,0,0,0,0,0,0,0,0,0,0,0,[1]
awesome-selfhosted/awesome-selfhosted,avonneparra88,1,0,0,0,0,0,0,0,0,0,0,0,0,0,[1]
awesome-selfhosted/awesome-selfhosted,Tarbian,1,0,0,0,0,0,0,0,0,0,0,0,0,0,[1]
awesome-selfhosted/awesome-selfhosted,charvakanand,1,0,0,0,0,0,0,0,0,0,0,0,0,0,[1]
awesome-selfhosted/awesome-selfhosted,nerdusbirdus,1,0,0,0,0,0,0,0,0,0,0,0,0,0,[1]
awesome-selfhosted/awesome-selfhosted,SAM-ly716,1,0,0,0,0,0,0,0,0,0,0,0,0,0,[1]
awesome-selfhosted/awesome-selfhosted,QHAlexDam,1,0,0,0,0,0,0,0,0,0,0,0,0,0,[1]
awesome-selfhosted/awesome-selfhosted,dudagomesj,1,0,0,0,0,0,0,0,0,0,0,0,0,0,[1]
awesome-selfhosted/awesome-selfhosted,s1ev,1,0,0,0,0,0,0,0,0,0,0,0,0,0,[1]
awesome-selfhosted/awesome-selfhosted,Meramuala13,1,0,0,0,0,0,0,0,0,0,0,0,0,0,[1]
awesome-selfhosted/awesome-selfhosted,Bruce-pe,1,0,0,0,0,0,0,0,0,0,0,0,0,0,[1]
awesome-selfhosted/awesome-selfhosted,tianyaochou,1,0,0,0,0,0,0,0,0,0,0,0,0,0,[1]
awesome-selfhosted/awesome-selfhosted,cingo235,1,0,0,0,0,0,0,0,0,0,0,0,0,0,[1]
awesome-selfhosted/awesome-selfhosted,nobuhiroYamakado,1,0,0,0,0,0,0,0,0,0,0,0,0,0,[1]
awesome-selfhosted/awesome-selfhosted,thiagond-code,1,0,0,0,0,0,0,0,0,0,0,0,0,0,[1]
awesome-selfhosted/awesome-selfhosted,503yogeico,1,0,0,0,0,0,0,0,0,0,0,0,0,0,[1]
awesome-selfhosted/awesome-selfhosted,yaowenxiao721,1,0,0,0,0,0,0,0,0,0,0,0,0,0,[1]
awesome-selfhosted/awesome-selfhosted,Ryelee83,1,0,0,0,0,0,0,0,0,0,0,0,0,0,[1]
awesome-selfhosted/awesome-selfhosted,cjgcabatino,1,0,0,0,0,0,0,0,0,0,0,0,0,0,[1]
awesome-selfhosted/awesome-selfhosted,ntgn81,1,0,0,0,0,0,0,0,0,0,0,0,0,0,[1]
awesome-selfhosted/awesome-selfhosted,peakgreg,1,0,0,0,0,0,0,0,0,0,0,0,0,0,[1]
awesome-selfhosted/awesome-selfhosted,3itchsavage665,1,0,0,0,0,0,0,0,0,0,0,0,0,0,[1]
awesome-selfhosted/awesome-selfhosted,Kcjay2068,1,0,0,0,0,0,0,0,0,0,0,0,0,0,[1]
awesome-selfhosted/awesome-selfhosted,ZenT3600,1,0,0,0,0,0,0,0,0,0,0,0,0,0,[1]
awesome-selfhosted/awesome-selfhosted,Crescent4real,1,0,0,0,0,0,0,0,0,0,0,0,0,0,[1]
awesome-selfhosted/awesome-selfhosted,Urielmdina,1,0,0,0,0,0,0,0,0,0,0,0,0,0,[1]
awesome-selfhosted/awesome-selfhosted,creating001,1,0,0,0,0,0,0,0,0,0,0,0,0,0,[1]
awesome-selfhosted/awesome-selfhosted,Nick6699,1,1,0,0,0,0,0,0,0,0,0,0,0,0,[2]
awesome-selfhosted/awesome-selfhosted,montymahato,1,0,0,0,0,0,0,0,0,0,0,0,0,0,[1]
awesome-selfhosted/awesome-selfhosted,Ed-YeWint,1,0,0,0,0,0,0,0,0,0,0,0,0,0,[1]
awesome-selfhosted/awesome-selfhosted,Serturn,1,0,0,0,0,0,0,0,0,0,0,0,0,0,[1]
awesome-selfhosted/awesome-selfhosted,Vicky78S,1,0,0,0,0,0,0,0,0,0,0,0,0,0,[1]
awesome-selfhosted/awesome-selfhosted,Porkasaurus,1,0,0,0,0,0,0,0,0,0,0,0,0,0,[1]
awesome-selfhosted/awesome-selfhosted,Noobeggs,1,0,0,0,0,0,0,0,0,0,0,0,0,0,[1]
awesome-selfhosted/awesome-selfhosted,alexunderboots,1,0,0,0,0,0,0,0,0,0,0,0,0,0,[1]
awesome-selfhosted/awesome-selfhosted,mijaclan,1,0,0,0,0,0,0,0,0,0,0,0,0,0,[1]
awesome-selfhosted/awesome-selfhosted,matthijsknigge,1,0,0,0,0,0,0,0,0,0,0,0,0,0,[1]
awesome-selfhosted/awesome-selfhosted,jdin1234,1,0,0,0,0,0,0,0,0,0,0,0,0,0,[1]
awesome-selfhosted/awesome-selfhosted,niladriash,1,0,0,0,0,0,0,0,0,0,0,0,0,0,[1]
awesome-selfhosted/awesome-selfhosted,lineman60,1,0,0,0,0,0,0,0,0,0,0,0,0,0,[1]
awesome-selfhosted/awesome-selfhosted,Mercurysmuse,1,0,0,0,0,0,0,0,0,0,0,0,0,0,[1]
awesome-selfhosted/awesome-selfhosted,H1cSuNtDr4C0n3S,1,0,0,0,0,0,0,0,0,0,0,0,0,0,[1]
awesome-selfhosted/awesome-selfhosted,eltphd,1,0,0,0,0,0,0,0,0,0,0,0,0,0,[1]
awesome-selfhosted/awesome-selfhosted,SharifulHoqueTanmoy,1,0,0,0,0,0,0,0,0,0,0,0,0,0,[1]
awesome-selfhosted/awesome-selfhosted,vnphuong16,1,0,0,0,0,0,0,0,0,0,0,0,0,0,[1]
awesome-selfhosted/awesome-selfhosted,PhamneyuT,1,0,0,0,0,0,0,0,0,0,0,0,0,0,[1]
awesome-selfhosted/awesome-selfhosted,Asjas,1,0,0,0,0,0,0,0,0,0,0,0,0,0,[1]
awesome-selfhosted/awesome-selfhosted,Chyba1997,0,0,0,1,0,0,0,0,0,0,0,0,0,0,[1]
awesome-selfhosted/awesome-selfhosted,knhn1004,1,0,0,0,0,0,0,0,0,0,0,0,0,0,[1]
awesome-selfhosted/awesome-selfhosted,Aixtuz,1,0,0,0,0,0,0,0,0,0,0,0,0,0,[1]
awesome-selfhosted/awesome-selfhosted,Irate-Walrus,1,0,0,0,0,0,0,0,0,0,0,0,0,0,[1]
awesome-selfhosted/awesome-selfhosted,abdaalaaaaa,1,0,0,0,0,0,0,0,0,0,0,0,0,0,[1]
awesome-selfhosted/awesome-selfhosted,usamakov,1,0,0,0,0,0,0,0,0,0,0,0,0,0,[1]
awesome-selfhosted/awesome-selfhosted,fnyaoo,1,0,0,0,0,0,0,0,0,0,0,0,0,0,[1]
awesome-selfhosted/awesome-selfhosted,MarekB0715,1,0,0,0,0,0,0,0,0,0,0,0,0,0,[1]
awesome-selfhosted/awesome-selfhosted,yinsongqian,0,1,0,0,0,0,0,0,0,0,0,0,0,0,[1]
awesome-selfhosted/awesome-selfhosted,Razka0227,1,0,0,0,0,0,0,0,0,0,0,0,0,0,[1]
awesome-selfhosted/awesome-selfhosted,GAMINGSBOSS,1,0,0,0,0,0,0,0,0,0,0,0,0,0,[1]
awesome-selfhosted/awesome-selfhosted,kraaakilo,1,0,0,0,0,0,0,0,0,0,0,0,0,0,[1]
awesome-selfhosted/awesome-selfhosted,madamrayven,1,0,0,0,0,0,0,0,0,0,0,0,0,0,[1]
awesome-selfhosted/awesome-selfhosted,AlphaPro06,1,0,0,0,0,0,0,0,0,0,0,0,0,0,[1]
awesome-selfhosted/awesome-selfhosted,pvinig,1,0,0,0,0,0,0,0,0,0,0,0,0,0,[1]
awesome-selfhosted/awesome-selfhosted,fake-programmer,1,0,0,0,0,0,0,0,0,0,0,0,0,0,[1]
awesome-selfhosted/awesome-selfhosted,vikingtune23,1,0,0,0,0,0,0,0,0,0,0,0,0,0,[1]
awesome-selfhosted/awesome-selfhosted,Solliiver,1,0,0,0,0,0,0,0,0,0,0,0,0,0,[1]
awesome-selfhosted/awesome-selfhosted,Endriany,1,0,0,0,0,0,0,0,0,0,0,0,0,0,[1]
awesome-selfhosted/awesome-selfhosted,MaryGal,1,0,0,0,0,0,0,0,0,0,0,0,0,0,[1]
awesome-selfhosted/awesome-selfhosted,MrJayrus,1,0,0,0,0,0,0,0,0,0,0,0,0,0,[1]
awesome-selfhosted/awesome-selfhosted,danielmadu,1,0,0,0,0,0,0,0,0,0,0,0,0,0,[1]
awesome-selfhosted/awesome-selfhosted,Electro707,1,0,0,0,0,0,0,0,0,0,0,0,0,0,[1]
awesome-selfhosted/awesome-selfhosted,IamDanishImran,1,0,0,0,0,0,0,0,0,0,0,0,0,0,[1]
awesome-selfhosted/awesome-selfhosted,danielferencz27,1,0,0,0,0,0,0,0,0,0,0,0,0,0,[1]
awesome-selfhosted/awesome-selfhosted,El-Wumbus,1,0,0,0,0,0,0,0,0,0,0,0,0,0,[1]
awesome-selfhosted/awesome-selfhosted,Teteration,2,0,0,0,0,0,0,0,0,0,0,0,0,0,[2]
awesome-selfhosted/awesome-selfhosted,idanzhavi09,1,0,0,0,0,0,0,0,0,0,0,0,0,0,[1]
awesome-selfhosted/awesome-selfhosted,inaveedm,1,0,0,0,0,0,0,0,0,0,0,0,0,0,[1]
awesome-selfhosted/awesome-selfhosted,BlackWatch01,1,0,0,1,0,0,0,0,0,0,0,0,0,0,[2]
awesome-selfhosted/awesome-selfhosted,anasomar1,1,0,0,0,0,0,0,0,0,0,0,0,0,0,[1]
awesome-selfhosted/awesome-selfhosted,CARLBLAZE,1,0,0,0,0,0,0,0,0,0,0,0,0,0,[1]
awesome-selfhosted/awesome-selfhosted,johnnrails,1,0,0,0,0,0,0,0,0,0,0,0,0,0,[1]
awesome-selfhosted/awesome-selfhosted,hong1-11,1,0,0,0,0,0,0,0,0,0,0,0,0,0,[1]
awesome-selfhosted/awesome-selfhosted,DigiEllie,1,0,0,0,0,0,0,0,0,0,0,0,0,0,[1]
awesome-selfhosted/awesome-selfhosted,valentin289,1,0,0,0,0,0,0,0,0,0,0,0,0,0,[1]
awesome-selfhosted/awesome-selfhosted,tlaskin,0,1,0,0,0,1,0,0,0,0,0,0,0,0,[2]
awesome-selfhosted/awesome-selfhosted,JackBailey,0,0,0,0,0,1,0,0,0,0,0,0,0,0,[1]
awesome-selfhosted/awesome-selfhosted,marqgray,1,0,0,0,0,0,0,0,0,0,0,0,0,0,[1]
awesome-selfhosted/awesome-selfhosted,indexftw,1,0,0,0,0,0,0,0,0,0,0,0,0,0,[1]
awesome-selfhosted/awesome-selfhosted,MarkovFedor,1,0,0,0,0,0,0,0,0,0,0,0,0,0,[1]
awesome-selfhosted/awesome-selfhosted,nom3ad,1,0,0,0,0,0,0,0,0,0,0,0,0,0,[1]
awesome-selfhosted/awesome-selfhosted,K-h-a-n-S,1,0,0,0,0,0,0,0,0,0,0,0,0,0,[1]
awesome-selfhosted/awesome-selfhosted,codykoppelman,1,0,0,0,0,0,0,0,0,0,0,0,0,0,[1]
awesome-selfhosted/awesome-selfhosted,cuongluutuan,1,0,0,0,0,0,0,0,0,0,0,0,0,0,[1]
awesome-selfhosted/awesome-selfhosted,Nizrod,1,0,0,0,0,0,0,0,0,0,0,0,0,0,[1]
awesome-selfhosted/awesome-selfhosted,Gonzo0807,0,1,0,0,0,0,0,0,0,0,0,0,0,0,[1]
awesome-selfhosted/awesome-selfhosted,fenkail-ui,1,0,0,0,0,0,0,0,0,0,0,0,0,0,[1]
awesome-selfhosted/awesome-selfhosted,bobur-gif,1,0,0,0,0,0,0,0,0,0,0,0,0,0,[1]
awesome-selfhosted/awesome-selfhosted,Danik2412,1,0,0,0,0,0,0,0,0,0,0,0,0,0,[1]
awesome-selfhosted/awesome-selfhosted,Ashish8482,1,0,0,0,0,0,0,0,0,0,0,0,0,0,[1]
awesome-selfhosted/awesome-selfhosted,Litoh2055,1,0,0,0,0,0,0,0,0,0,0,0,0,0,[1]
awesome-selfhosted/awesome-selfhosted,Spoonis2Big,1,0,0,0,0,0,0,0,0,0,0,0,0,0,[1]
awesome-selfhosted/awesome-selfhosted,jimmale,1,0,0,0,0,0,0,0,0,0,0,0,0,0,[1]
awesome-selfhosted/awesome-selfhosted,Will-Riffe,1,0,0,0,0,0,0,0,0,0,0,0,0,0,[1]
awesome-selfhosted/awesome-selfhosted,kartikeymishr,1,0,0,0,0,0,0,0,0,0,0,0,0,0,[1]
awesome-selfhosted/awesome-selfhosted,AmerikanischerAdler,1,0,0,0,0,0,0,0,0,0,0,0,0,0,[1]
awesome-selfhosted/awesome-selfhosted,bjin,1,0,0,0,0,0,0,0,0,0,0,0,0,0,[1]
awesome-selfhosted/awesome-selfhosted,PoelNereos,1,0,0,0,0,0,0,0,0,0,0,0,0,0,[1]
awesome-selfhosted/awesome-selfhosted,K347,0,1,0,0,0,0,0,0,0,0,0,0,0,0,[1]
awesome-selfhosted/awesome-selfhosted,StefMe,1,0,0,0,0,0,0,0,0,0,0,0,0,0,[1]
awesome-selfhosted/awesome-selfhosted,Guilinabaoge,1,0,0,0,0,0,0,0,0,0,0,0,0,0,[1]
awesome-selfhosted/awesome-selfhosted,vishu518,1,0,0,0,0,0,0,0,0,0,0,0,0,0,[1]
awesome-selfhosted/awesome-selfhosted,Reinitialized,1,0,0,0,0,0,0,0,0,0,0,0,0,0,[1]
awesome-selfhosted/awesome-selfhosted,mori1704,1,0,0,0,0,0,0,0,0,0,0,0,0,0,[1]
awesome-selfhosted/awesome-selfhosted,bryopsida,1,0,0,0,0,0,0,0,0,0,0,0,0,0,[1]
awesome-selfhosted/awesome-selfhosted,zaks,1,0,0,0,0,0,0,0,0,0,0,0,0,0,[1]
awesome-selfhosted/awesome-selfhosted,storytracer,1,0,0,0,0,0,0,0,0,0,0,0,0,0,[1]
awesome-selfhosted/awesome-selfhosted,karljungg,1,0,0,0,0,0,0,0,0,0,0,0,0,0,[1]
awesome-selfhosted/awesome-selfhosted,jonathanchiu,1,0,0,0,0,0,0,0,0,0,0,0,0,0,[1]
awesome-selfhosted/awesome-selfhosted,KarthickSelvam,1,0,0,0,0,0,0,0,0,0,0,0,0,0,[1]
awesome-selfhosted/awesome-selfhosted,jtlisi,1,0,0,0,0,0,0,0,0,0,0,0,0,0,[1]
awesome-selfhosted/awesome-selfhosted,ShajjadKhan,1,0,0,0,0,0,0,0,0,0,0,0,0,0,[1]
awesome-selfhosted/awesome-selfhosted,SliceOfLife,1,0,0,0,0,0,0,0,0,0,0,0,0,0,[1]
awesome-selfhosted/awesome-selfhosted,DavydAR288,1,0,0,0,0,0,0,0,0,0,0,0,0,0,[1]
awesome-selfhosted/awesome-selfhosted,oli-gator,1,0,0,0,0,0,0,0,0,0,0,0,0,0,[1]
awesome-selfhosted/awesome-selfhosted,StRshp336,1,0,0,0,0,0,0,0,0,0,0,0,0,0,[1]
awesome-selfhosted/awesome-selfhosted,randoneering,1,0,0,0,0,0,0,0,0,0,0,0,0,0,[1]
awesome-selfhosted/awesome-selfhosted,sstetch,0,1,0,0,0,0,0,0,0,0,0,0,0,0,[1]
awesome-selfhosted/awesome-selfhosted,5HCloud,1,0,0,0,0,0,0,0,0,0,0,0,0,0,[1]
awesome-selfhosted/awesome-selfhosted,Speedwer,1,0,0,0,0,0,0,0,0,0,0,0,0,0,[1]
awesome-selfhosted/awesome-selfhosted,data2json,1,0,0,0,0,0,0,0,0,0,0,0,0,0,[1]
awesome-selfhosted/awesome-selfhosted,355SDEduardo,1,0,0,0,0,0,0,0,0,0,0,0,0,0,[1]
awesome-selfhosted/awesome-selfhosted,zshaheen,1,0,0,0,0,0,0,0,0,0,0,0,0,0,[1]
awesome-selfhosted/awesome-selfhosted,x64Eddie,1,0,0,0,0,0,0,0,0,0,0,0,0,0,[1]
awesome-selfhosted/awesome-selfhosted,gadour97,1,0,0,0,0,0,0,0,0,0,0,0,0,0,[1]
awesome-selfhosted/awesome-selfhosted,Bonsaa,1,0,0,0,0,0,0,0,0,0,0,0,0,0,[1]
awesome-selfhosted/awesome-selfhosted,rjlorenzo,1,0,0,0,0,0,0,0,0,0,0,0,0,0,[1]
awesome-selfhosted/awesome-selfhosted,przvlprd,1,0,0,0,0,0,0,0,0,0,0,0,0,0,[1]
awesome-selfhosted/awesome-selfhosted,Lujoffily,1,0,0,0,0,0,0,0,0,0,0,0,0,0,[1]
awesome-selfhosted/awesome-selfhosted,HonaDX,1,0,0,0,0,0,0,0,0,0,0,0,0,0,[1]
awesome-selfhosted/awesome-selfhosted,SaadMalik651,1,0,0,0,0,0,0,0,0,0,0,0,0,0,[1]
awesome-selfhosted/awesome-selfhosted,TX0509,1,0,0,0,0,0,0,0,0,0,0,0,0,0,[1]
awesome-selfhosted/awesome-selfhosted,IAMIBM,1,0,0,0,0,0,0,0,0,0,0,0,0,0,[1]
awesome-selfhosted/awesome-selfhosted,ddddddO,1,0,0,0,0,0,0,0,0,0,0,0,0,0,[1]
awesome-selfhosted/awesome-selfhosted,longlong819,1,0,0,0,0,0,0,0,0,0,0,0,0,0,[1]
awesome-selfhosted/awesome-selfhosted,0hnoo,1,0,0,0,0,0,0,0,0,0,0,0,0,0,[1]
awesome-selfhosted/awesome-selfhosted,kahosan,1,0,0,0,0,0,0,0,0,0,0,0,0,0,[1]
awesome-selfhosted/awesome-selfhosted,cegael,1,0,0,0,0,0,0,0,0,0,0,0,0,0,[1]
awesome-selfhosted/awesome-selfhosted,Field-Le,1,1,0,0,0,0,0,0,0,0,0,0,0,0,[2]
awesome-selfhosted/awesome-selfhosted,AmaniB05,1,0,0,0,0,0,0,0,0,0,0,0,0,0,[1]
awesome-selfhosted/awesome-selfhosted,bkreiser01,1,0,0,0,0,0,0,0,0,0,0,0,0,0,[1]
awesome-selfhosted/awesome-selfhosted,chan-man,1,0,0,0,0,0,0,0,0,0,0,0,0,0,[1]
awesome-selfhosted/awesome-selfhosted,nakulz,1,0,0,0,0,0,0,0,0,0,0,0,0,0,[1]
awesome-selfhosted/awesome-selfhosted,CyberSal-4,1,0,0,0,0,0,0,0,0,0,0,0,0,0,[1]
awesome-selfhosted/awesome-selfhosted,richcarleton,1,0,0,0,0,0,0,0,0,0,0,0,0,0,[1]
awesome-selfhosted/awesome-selfhosted,aditya-repos,1,0,0,0,0,0,0,0,0,0,0,0,0,0,[1]
awesome-selfhosted/awesome-selfhosted,yugeshjavra,1,1,0,0,0,0,0,0,0,0,0,0,0,0,[2]
awesome-selfhosted/awesome-selfhosted,Drizzy123455,1,0,0,0,0,0,0,0,0,0,0,0,0,0,[1]
awesome-selfhosted/awesome-selfhosted,luoweiqiang9527,0,1,0,0,0,0,0,0,0,0,0,0,0,0,[1]
awesome-selfhosted/awesome-selfhosted,Iannonee,1,0,0,0,0,0,0,0,0,0,0,0,0,0,[1]
awesome-selfhosted/awesome-selfhosted,raymond-nee,1,0,0,0,0,0,0,0,0,0,0,0,0,0,[1]
awesome-selfhosted/awesome-selfhosted,Frixoe,1,0,0,0,0,0,0,0,0,0,0,0,0,0,[1]
awesome-selfhosted/awesome-selfhosted,derrick-tao,1,0,0,0,0,0,0,0,0,0,0,0,0,0,[1]
awesome-selfhosted/awesome-selfhosted,FX-Max,1,0,0,0,0,0,0,0,0,0,0,0,0,0,[1]
awesome-selfhosted/awesome-selfhosted,boki1,1,0,0,0,0,0,0,0,0,0,0,0,0,0,[1]
awesome-selfhosted/awesome-selfhosted,dwhitz,1,0,0,0,0,0,0,0,0,0,0,0,0,0,[1]
awesome-selfhosted/awesome-selfhosted,g1t-lab,1,0,0,0,0,0,0,0,0,0,0,0,0,0,[1]
awesome-selfhosted/awesome-selfhosted,L4ma,1,0,0,0,0,0,0,0,0,0,0,0,0,0,[1]
awesome-selfhosted/awesome-selfhosted,TinoChips,1,0,0,0,0,0,0,0,0,0,0,0,0,0,[1]
awesome-selfhosted/awesome-selfhosted,godboydamn,1,0,0,0,0,0,0,0,0,0,0,0,0,0,[1]
awesome-selfhosted/awesome-selfhosted,valsaven,1,0,0,0,0,0,0,0,0,0,0,0,0,0,[1]
awesome-selfhosted/awesome-selfhosted,SeRyKii,1,0,0,0,0,0,0,0,0,0,0,0,0,0,[1]
awesome-selfhosted/awesome-selfhosted,Bioharzard,1,0,0,0,0,0,0,0,0,0,0,0,0,0,[1]
awesome-selfhosted/awesome-selfhosted,0xRadi,1,0,0,0,0,0,0,0,0,0,0,0,0,0,[1]
awesome-selfhosted/awesome-selfhosted,jgurr4,1,0,0,0,0,0,0,0,0,0,0,0,0,0,[1]
awesome-selfhosted/awesome-selfhosted,ColdCobra,1,0,0,0,0,0,0,0,0,0,0,0,0,0,[1]
awesome-selfhosted/awesome-selfhosted,YacineSteeve,1,0,0,0,0,0,0,0,0,0,0,0,0,0,[1]
awesome-selfhosted/awesome-selfhosted,rspavel,1,0,0,0,0,0,0,0,0,0,0,0,0,0,[1]
awesome-selfhosted/awesome-selfhosted,rpb592,1,0,0,0,0,0,0,0,0,0,0,0,0,0,[1]
awesome-selfhosted/awesome-selfhosted,Risvera,1,0,0,0,0,0,0,0,0,0,0,0,0,0,[1]
awesome-selfhosted/awesome-selfhosted,eastmix27,1,0,0,0,0,0,0,0,0,0,0,0,0,0,[1]
awesome-selfhosted/awesome-selfhosted,Fatti329,1,0,0,0,0,0,0,0,0,0,0,0,0,0,[1]
awesome-selfhosted/awesome-selfhosted,leonardorigon,1,0,0,0,0,0,0,0,0,0,0,0,0,0,[1]
awesome-selfhosted/awesome-selfhosted,TheTrueShell,1,0,0,0,0,0,0,0,0,0,0,0,0,0,[1]
awesome-selfhosted/awesome-selfhosted,boba-and-beer,1,0,0,0,0,0,0,0,0,0,0,0,0,0,[1]
awesome-selfhosted/awesome-selfhosted,zchcc,1,0,0,0,0,0,0,0,0,0,0,0,0,0,[1]
awesome-selfhosted/awesome-selfhosted,Zeng1998,1,0,0,0,0,0,0,0,0,0,0,0,0,0,[1]
awesome-selfhosted/awesome-selfhosted,kiddae,1,0,0,0,0,0,0,0,0,0,0,0,0,0,[1]
awesome-selfhosted/awesome-selfhosted,purplecandy,1,0,0,0,0,0,0,0,0,0,0,0,0,0,[1]
awesome-selfhosted/awesome-selfhosted,Mansiiskhush,1,0,0,0,0,0,0,0,0,0,0,0,0,0,[1]
awesome-selfhosted/awesome-selfhosted,massaScript,1,0,0,0,0,0,0,0,0,0,0,0,0,0,[1]
awesome-selfhosted/awesome-selfhosted,srijansaxena11,1,0,0,0,0,0,0,0,0,0,0,0,0,0,[1]
awesome-selfhosted/awesome-selfhosted,lebdron,1,0,0,0,0,0,0,0,0,0,0,0,0,0,[1]
awesome-selfhosted/awesome-selfhosted,mthrim,1,0,0,0,0,0,0,0,0,0,0,0,0,0,[1]
awesome-selfhosted/awesome-selfhosted,BrewingTea,1,0,0,0,0,0,0,0,0,0,0,0,0,0,[1]
awesome-selfhosted/awesome-selfhosted,tolztekh,1,0,0,0,0,0,0,0,0,0,0,0,0,0,[1]
awesome-selfhosted/awesome-selfhosted,worldawa,1,0,0,0,0,0,0,0,0,0,0,0,0,0,[1]
awesome-selfhosted/awesome-selfhosted,skxctech,1,0,0,0,0,0,0,0,0,0,0,0,0,0,[1]
awesome-selfhosted/awesome-selfhosted,buzera,1,0,0,0,0,0,0,0,0,0,0,0,0,0,[1]
awesome-selfhosted/awesome-selfhosted,gordhaur,1,0,0,0,0,0,0,0,0,0,0,0,0,0,[1]
awesome-selfhosted/awesome-selfhosted,soheilwikey1,1,0,0,0,0,0,0,0,0,0,0,0,0,0,[1]
awesome-selfhosted/awesome-selfhosted,Alakulma,1,0,0,0,0,0,0,0,0,0,0,0,0,0,[1]
awesome-selfhosted/awesome-selfhosted,mtvn4,1,0,0,0,0,0,0,0,0,0,0,0,0,0,[1]
awesome-selfhosted/awesome-selfhosted,tjagda,1,0,0,0,0,0,0,0,0,0,0,0,0,0,[1]
awesome-selfhosted/awesome-selfhosted,realSZ27,1,0,0,0,0,0,0,0,0,0,0,0,0,0,[1]
awesome-selfhosted/awesome-selfhosted,awe69,1,0,0,0,0,0,0,0,0,0,0,0,0,0,[1]
awesome-selfhosted/awesome-selfhosted,greedybro,1,0,0,0,0,0,0,0,0,0,0,0,0,0,[1]
awesome-selfhosted/awesome-selfhosted,pngdeity,2,0,0,0,0,0,0,0,0,0,0,0,0,0,[2]
awesome-selfhosted/awesome-selfhosted,Kavya2722,1,0,0,0,0,0,0,0,0,0,0,0,0,0,[1]
awesome-selfhosted/awesome-selfhosted,yunanadil7,1,0,0,0,0,0,0,0,0,0,0,0,0,0,[1]
awesome-selfhosted/awesome-selfhosted,AriesJ12,1,0,0,0,0,0,0,0,0,0,0,0,0,0,[1]
awesome-selfhosted/awesome-selfhosted,engin,1,0,0,0,0,0,0,0,0,0,0,0,0,0,[1]
awesome-selfhosted/awesome-selfhosted,MazontheMoon,1,0,0,0,0,0,0,0,0,0,0,0,0,0,[1]
awesome-selfhosted/awesome-selfhosted,rlvdx,1,0,0,0,0,0,0,0,0,0,0,0,0,0,[1]
awesome-selfhosted/awesome-selfhosted,axxx03,1,0,0,0,0,0,0,0,0,0,0,0,0,0,[1]
awesome-selfhosted/awesome-selfhosted,a-kyselova,1,0,0,0,0,0,0,0,0,0,0,0,0,0,[1]
awesome-selfhosted/awesome-selfhosted,MrImpossible0408,1,0,0,0,0,0,0,0,0,0,0,0,0,0,[1]
awesome-selfhosted/awesome-selfhosted,feminaexlux,1,0,0,0,0,0,0,0,0,0,0,0,0,0,[1]
awesome-selfhosted/awesome-selfhosted,ZJKung,1,0,0,0,0,0,0,0,0,0,0,0,0,0,[1]
awesome-selfhosted/awesome-selfhosted,kominikm,1,0,0,0,0,0,0,0,0,0,0,0,0,0,[1]
awesome-selfhosted/awesome-selfhosted,Niya90s,1,0,0,0,0,0,0,0,0,0,0,0,0,0,[1]
awesome-selfhosted/awesome-selfhosted,lucafaggianelli,1,0,0,0,0,0,0,0,0,0,0,0,0,0,[1]
awesome-selfhosted/awesome-selfhosted,Rastem88,1,1,0,0,0,0,0,0,0,0,0,0,0,0,[2]
awesome-selfhosted/awesome-selfhosted,abduljabarcodes,1,0,0,0,0,0,0,0,0,0,0,0,0,0,[1]
awesome-selfhosted/awesome-selfhosted,TediCreations,1,0,0,0,0,0,0,0,0,0,0,0,0,0,[1]
awesome-selfhosted/awesome-selfhosted,Hakerbd71,1,0,0,0,0,0,0,0,0,0,0,0,0,0,[1]
awesome-selfhosted/awesome-selfhosted,SiHPSi,1,0,0,0,0,0,0,0,0,0,0,0,0,0,[1]
awesome-selfhosted/awesome-selfhosted,77Sheikh77,1,0,0,0,0,0,0,0,0,0,0,0,0,0,[1]
awesome-selfhosted/awesome-selfhosted,OhaDerErste,1,0,0,0,0,0,0,0,0,0,0,0,0,0,[1]
awesome-selfhosted/awesome-selfhosted,Gumeq,1,0,0,0,0,0,0,0,0,0,0,0,0,0,[1]
awesome-selfhosted/awesome-selfhosted,SimplyVoid,1,0,0,0,0,0,0,0,0,0,0,0,0,0,[1]
awesome-selfhosted/awesome-selfhosted,haimrait,1,0,0,0,0,0,0,0,0,0,0,0,0,0,[1]
awesome-selfhosted/awesome-selfhosted,239,1,0,0,0,0,0,0,0,0,0,0,0,0,0,[1]
awesome-selfhosted/awesome-selfhosted,henry0014,1,0,0,0,0,0,0,0,0,0,0,0,0,0,[1]
awesome-selfhosted/awesome-selfhosted,HoleyHan3,1,0,0,0,0,0,0,0,0,0,0,0,0,0,[1]
awesome-selfhosted/awesome-selfhosted,yeguchi,1,0,0,0,0,0,0,0,0,0,0,0,0,0,[1]
awesome-selfhosted/awesome-selfhosted,ravitejb,1,0,0,0,0,0,0,0,0,0,0,0,0,0,[1]
awesome-selfhosted/awesome-selfhosted,Toxicdk45,1,0,0,0,0,0,0,0,0,0,0,0,0,0,[1]
awesome-selfhosted/awesome-selfhosted,dianacusnir,1,0,0,0,0,0,0,0,0,0,0,0,0,0,[1]
awesome-selfhosted/awesome-selfhosted,WillDuke,1,0,0,0,0,0,0,0,0,0,0,0,0,0,[1]
awesome-selfhosted/awesome-selfhosted,Tshiyombodaniel62,1,0,0,0,0,0,0,0,0,0,0,0,0,0,[1]
awesome-selfhosted/awesome-selfhosted,HadylTITRI,1,0,0,0,0,0,0,0,0,0,0,0,0,0,[1]
awesome-selfhosted/awesome-selfhosted,Quikdu122,1,0,0,0,0,0,0,0,0,0,0,0,0,0,[1]
awesome-selfhosted/awesome-selfhosted,lllastun,1,0,0,0,0,0,0,0,0,0,0,0,0,0,[1]
awesome-selfhosted/awesome-selfhosted,4wdgif,1,0,0,0,0,0,0,0,0,0,0,0,0,0,[1]
awesome-selfhosted/awesome-selfhosted,shrtkv,1,0,0,0,0,0,0,0,0,0,0,0,0,0,[1]
awesome-selfhosted/awesome-selfhosted,NikolaiSch,1,0,0,0,0,0,0,0,0,0,0,0,0,0,[1]
awesome-selfhosted/awesome-selfhosted,Richie0127,1,0,0,0,0,0,0,0,0,0,0,0,0,0,[1]
awesome-selfhosted/awesome-selfhosted,Djuptown,1,0,0,0,0,0,0,0,0,0,0,0,0,0,[1]
awesome-selfhosted/awesome-selfhosted,SertugF,1,1,0,0,0,0,0,0,0,0,0,0,0,0,[2]
awesome-selfhosted/awesome-selfhosted,SaberBabe5150,1,0,0,0,0,0,0,0,0,0,0,0,0,0,[1]
awesome-selfhosted/awesome-selfhosted,hudishaun,1,0,0,0,0,0,0,0,0,0,0,0,0,0,[1]
awesome-selfhosted/awesome-selfhosted,Dannyrichie1,1,0,0,0,0,0,0,0,0,0,0,0,0,0,[1]
awesome-selfhosted/awesome-selfhosted,PedroGuerraPT,1,0,0,0,0,0,0,0,0,0,0,0,0,0,[1]
awesome-selfhosted/awesome-selfhosted,Insp24,1,0,0,0,0,0,0,0,0,0,0,0,0,0,[1]
awesome-selfhosted/awesome-selfhosted,JULIOCESARCALI13,1,0,0,0,0,0,0,0,0,0,0,0,0,0,[1]
awesome-selfhosted/awesome-selfhosted,battincik,1,0,0,0,0,0,0,0,0,0,0,0,0,0,[1]
awesome-selfhosted/awesome-selfhosted,SourPickleLabs,1,0,0,0,0,0,0,0,0,0,0,0,0,0,[1]
awesome-selfhosted/awesome-selfhosted,Petite-Myth,1,0,0,0,0,0,0,0,0,0,0,0,0,0,[1]
awesome-selfhosted/awesome-selfhosted,DQST4RJUN,1,0,0,0,0,0,0,0,0,0,0,0,0,0,[1]
awesome-selfhosted/awesome-selfhosted,lancelot96,1,0,0,0,0,0,0,0,0,0,0,0,0,0,[1]
awesome-selfhosted/awesome-selfhosted,cszach,1,0,0,0,0,0,0,0,0,0,0,0,0,0,[1]
awesome-selfhosted/awesome-selfhosted,Maddy70,0,1,0,0,0,0,0,0,0,0,0,0,0,0,[1]
awesome-selfhosted/awesome-selfhosted,jSwords91,1,0,0,0,0,0,0,0,0,0,0,0,0,0,[1]
awesome-selfhosted/awesome-selfhosted,Xx-Mohit-xX,1,0,0,0,0,0,0,0,0,0,0,0,0,0,[1]
awesome-selfhosted/awesome-selfhosted,realblackwall,0,1,0,0,0,0,0,0,0,0,0,0,0,0,[1]
awesome-selfhosted/awesome-selfhosted,luckydiamond1983,1,0,0,0,0,0,0,0,0,0,0,0,0,0,[1]
awesome-selfhosted/awesome-selfhosted,Daroshi11260,1,0,0,0,0,0,0,0,0,0,0,0,0,0,[1]
awesome-selfhosted/awesome-selfhosted,Sami1371baaji,1,0,0,0,0,0,0,0,0,0,0,0,0,0,[1]
awesome-selfhosted/awesome-selfhosted,Khalil-keita,1,0,0,0,0,0,0,0,0,0,0,0,0,0,[1]
awesome-selfhosted/awesome-selfhosted,SamirMahmudzade,1,0,0,0,0,0,0,0,0,0,0,0,0,0,[1]
awesome-selfhosted/awesome-selfhosted,crash5,1,0,0,0,0,0,0,0,0,0,0,0,0,0,[1]
awesome-selfhosted/awesome-selfhosted,suzuuuuuuuuuuuuuuu,1,0,0,0,0,0,0,0,0,0,0,0,0,0,[1]
awesome-selfhosted/awesome-selfhosted,xr2023,1,0,0,0,0,0,0,0,0,0,0,0,0,0,[1]
awesome-selfhosted/awesome-selfhosted,amit-yp,1,0,0,0,0,0,0,0,0,0,0,0,0,0,[1]
awesome-selfhosted/awesome-selfhosted,bheemaguli,1,0,0,0,0,0,0,0,0,0,0,0,0,0,[1]
awesome-selfhosted/awesome-selfhosted,yunwuu,1,0,0,0,0,0,0,0,0,0,0,0,0,0,[1]
awesome-selfhosted/awesome-selfhosted,inDietz,1,0,0,0,0,0,0,0,0,0,0,0,0,0,[1]
awesome-selfhosted/awesome-selfhosted,tobesrulesok,1,0,0,0,0,0,0,0,0,0,0,0,0,0,[1]
awesome-selfhosted/awesome-selfhosted,misterkrueger,1,0,0,0,0,0,0,0,0,0,0,0,0,0,[1]
awesome-selfhosted/awesome-selfhosted,borondics,0,1,0,0,0,0,0,0,0,0,0,0,0,0,[1]
awesome-selfhosted/awesome-selfhosted,Piwarte,1,0,0,0,0,0,0,0,0,0,0,0,0,0,[1]
awesome-selfhosted/awesome-selfhosted,Riel1628,1,0,0,0,0,0,0,0,0,0,0,0,0,0,[1]
awesome-selfhosted/awesome-selfhosted,Nur0000,1,0,0,0,0,0,0,0,0,0,0,0,0,0,[1]
