dunglas/frankenphp,BenjaminGoetz,1,0,0,0,0,0,0,0,0,0,0,0,0,0,[1]
dunglas/frankenphp,amenophis,1,0,0,0,0,0,0,0,0,0,0,0,0,0,[1]
dunglas/frankenphp,vinceAmstoutz,1,0,0,0,0,0,0,0,0,0,0,0,0,0,[1]
dunglas/frankenphp,Neo-Griffith,1,0,0,0,0,0,0,0,0,0,0,0,0,0,[1]
dunglas/frankenphp,RomainJaldo,1,0,0,0,0,0,0,0,0,0,0,0,0,0,[1]
dunglas/frankenphp,Zuruuh,1,0,0,0,0,0,0,0,0,0,0,0,0,0,[1]
dunglas/frankenphp,M0byfloyd,1,0,0,0,0,0,0,0,0,0,0,0,0,0,[1]
dunglas/frankenphp,jovuk,1,0,0,0,0,0,0,0,0,0,0,0,0,0,[1]
dunglas/frankenphp,Tinq06,1,0,0,0,0,0,0,0,0,0,0,0,0,0,[1]
dunglas/frankenphp,kayneth,1,0,0,0,0,0,0,0,0,0,0,0,0,0,[1]
dunglas/frankenphp,tontonjulien,1,0,0,0,0,0,0,0,0,0,0,0,0,0,[1]
dunglas/frankenphp,Giorgiolino,1,0,0,0,0,0,0,0,0,0,0,0,0,0,[1]
dunglas/frankenphp,vasilvestre,1,0,0,0,0,0,0,0,0,0,0,0,0,0,[1]
dunglas/frankenphp,jbcordina,1,0,0,0,0,0,0,0,0,0,0,0,0,0,[1]
dunglas/frankenphp,CedricDALAT,1,0,0,0,0,0,0,0,0,0,0,0,0,0,[1]
dunglas/frankenphp,gaelreyrol,1,0,0,0,0,0,0,0,0,0,0,0,0,0,[1]
dunglas/frankenphp,thomas-negrault,1,0,0,0,0,0,0,0,0,0,0,0,0,0,[1]
dunglas/frankenphp,Zzareb,1,0,0,0,0,0,0,0,0,0,0,0,0,0,[1]
dunglas/frankenphp,AurelienMrcl,1,0,0,0,0,0,0,0,0,0,0,0,0,0,[1]
dunglas/frankenphp,mihani,1,0,0,0,0,0,0,0,0,0,0,0,0,0,[1]
dunglas/frankenphp,Amorfx,1,0,0,0,0,0,0,0,0,0,0,0,0,0,[1]
dunglas/frankenphp,Qadadain,1,0,0,0,0,0,0,0,0,0,0,0,0,0,[1]
dunglas/frankenphp,Jordan-TE,1,0,0,0,0,0,0,0,0,0,0,0,0,0,[1]
dunglas/frankenphp,manolis59,1,0,0,0,0,0,0,0,0,0,0,0,0,0,[1]
dunglas/frankenphp,NestorMuscle,1,0,0,0,0,0,0,0,0,0,0,0,0,0,[1]
dunglas/frankenphp,clementlefrancois,1,0,0,0,0,0,0,0,0,0,0,0,0,0,[1]
dunglas/frankenphp,xXNoceboXx,1,0,0,0,0,0,0,0,0,0,0,0,0,0,[1]
dunglas/frankenphp,qbit,1,0,0,0,0,0,0,0,0,0,0,0,0,0,[1]
dunglas/frankenphp,mmarchois,1,0,0,0,0,0,0,0,0,0,0,0,0,0,[1]
dunglas/frankenphp,ahmedyakoubi,1,0,0,0,0,0,0,0,0,0,0,0,0,0,[1]
dunglas/frankenphp,bizley,1,0,0,0,0,0,0,0,0,0,0,0,0,0,[1]
dunglas/frankenphp,xPiston,1,0,0,0,0,0,0,0,0,0,0,0,0,0,[1]
dunglas/frankenphp,greg0ire,1,0,0,0,0,0,0,0,0,0,0,0,0,0,[1]
dunglas/frankenphp,vincenttouzet,1,0,0,0,0,0,0,0,0,0,0,0,0,0,[1]
dunglas/frankenphp,vuongxuongminh,1,0,0,0,0,0,0,0,0,0,0,0,0,0,[1]
dunglas/frankenphp,Raphael-Marchese,1,0,0,0,0,0,0,0,0,0,0,0,0,0,[1]
dunglas/frankenphp,dragonfire1119,1,0,0,0,0,0,0,0,0,0,0,0,0,0,[1]
dunglas/frankenphp,wijourdil,1,0,0,0,0,0,0,0,0,0,0,0,0,0,[1]
dunglas/frankenphp,Frulko,1,0,0,0,0,0,0,0,0,0,0,0,0,0,[1]
dunglas/frankenphp,Bioriginal,1,0,0,0,0,0,0,0,0,0,0,0,0,0,[1]
dunglas/frankenphp,os-online,1,0,0,0,0,0,0,0,0,0,0,0,0,0,[1]
dunglas/frankenphp,tschaeller,1,0,0,0,0,0,0,0,0,0,0,0,0,0,[1]
dunglas/frankenphp,Guikingone,1,0,0,0,0,0,0,0,0,0,0,0,0,0,[1]
dunglas/frankenphp,Neirda24,1,0,0,0,0,0,0,0,0,0,0,0,0,0,[1]
dunglas/frankenphp,adumbcodes,1,0,0,0,0,0,0,0,0,0,0,0,0,0,[1]
dunglas/frankenphp,bchatard,1,0,0,0,0,0,0,0,0,0,0,0,0,0,[1]
dunglas/frankenphp,alexander-schranz,1,0,0,0,0,0,0,0,0,0,0,0,0,0,[1]
dunglas/frankenphp,lahaxearnaud,1,0,0,0,0,0,0,0,0,0,0,0,0,0,[1]
dunglas/frankenphp,phpdev,1,0,0,0,0,0,0,0,0,0,0,0,0,0,[1]
dunglas/frankenphp,Romaixn,1,0,0,0,0,0,0,0,0,0,0,0,0,0,[1]
dunglas/frankenphp,ndousson,1,0,0,0,0,0,0,0,0,0,0,0,0,0,[1]
dunglas/frankenphp,dunglas,1,0,11,2,11,9,0,2,2,0,0,1,0,0,[39]
dunglas/frankenphp,hungthai1401,1,0,0,0,0,0,0,0,0,0,0,0,0,0,[1]
dunglas/frankenphp,Liinkiing,1,0,0,0,0,0,0,0,0,0,0,0,0,0,[1]
dunglas/frankenphp,calipzo,1,0,0,0,0,0,0,0,0,0,0,0,0,0,[1]
dunglas/frankenphp,shyim,1,0,0,0,0,0,0,0,0,0,0,0,0,0,[1]
dunglas/frankenphp,niladam,1,0,0,0,0,0,0,0,0,0,0,0,0,0,[1]
dunglas/frankenphp,fragkp,1,0,0,0,0,0,0,0,0,0,0,0,0,0,[1]
dunglas/frankenphp,jordanjix,1,0,0,0,0,0,0,0,0,0,0,0,0,0,[1]
dunglas/frankenphp,senzowayne,1,0,0,0,0,0,0,0,0,0,0,0,0,0,[1]
dunglas/frankenphp,TimWolla,1,0,0,0,0,0,0,0,0,0,0,0,0,0,[1]
dunglas/frankenphp,Lukasss93,1,0,0,0,0,0,0,0,0,0,0,0,0,0,[1]
dunglas/frankenphp,Alban-io,1,1,0,0,0,1,0,0,0,0,0,0,0,0,[3]
dunglas/frankenphp,MoisesDuarte,1,0,0,0,0,0,0,0,0,0,0,0,0,0,[1]
dunglas/frankenphp,Hukadan,1,0,0,0,0,0,0,0,0,0,0,0,0,0,[1]
dunglas/frankenphp,mozammil,1,0,0,0,0,0,0,0,0,0,0,0,0,0,[1]
dunglas/frankenphp,B-Galati,1,0,0,0,0,0,0,0,0,0,0,0,0,0,[1]
dunglas/frankenphp,msphn,1,0,0,0,0,0,0,0,0,0,0,0,0,0,[1]
dunglas/frankenphp,deptrai21,1,0,0,0,0,0,0,0,0,0,0,0,0,0,[1]
dunglas/frankenphp,mouadziani,1,0,0,0,0,0,0,0,0,0,0,0,0,0,[1]
dunglas/frankenphp,dyriavin,1,0,0,0,0,0,0,0,0,0,0,0,0,0,[1]
dunglas/frankenphp,dbohn,1,0,0,0,0,0,0,0,0,0,0,0,0,0,[1]
dunglas/frankenphp,mpociot,1,0,0,0,0,0,0,0,0,0,0,0,0,0,[1]
dunglas/frankenphp,dritter,1,0,0,0,0,0,0,0,0,0,0,0,0,0,[1]
dunglas/frankenphp,reksmeysrey,1,0,0,0,0,0,0,0,0,0,0,0,0,0,[1]
dunglas/frankenphp,ariaieboy,1,0,0,0,0,0,0,0,0,0,0,0,0,0,[1]
dunglas/frankenphp,K-mos,1,0,0,0,0,0,0,0,0,0,0,0,0,0,[1]
dunglas/frankenphp,nitneuk,1,0,0,0,0,0,0,0,0,0,0,0,0,0,[1]
dunglas/frankenphp,NicolasJourdan,1,0,0,0,0,0,0,0,0,0,0,0,0,0,[1]
dunglas/frankenphp,nikhilvijayanv,1,0,0,0,0,0,0,0,0,0,0,0,0,0,[1]
dunglas/frankenphp,hichamtaoufikallah,1,0,0,0,0,0,0,0,0,0,0,0,0,0,[1]
dunglas/frankenphp,ingcarlosperez,1,0,0,0,0,0,0,0,0,0,0,0,0,0,[1]
dunglas/frankenphp,radermacher,1,0,0,0,0,0,0,0,0,0,0,0,0,0,[1]
dunglas/frankenphp,TonySma,1,0,0,0,0,0,0,0,0,0,0,0,0,0,[1]
dunglas/frankenphp,pkielblock,1,0,0,0,0,0,0,0,0,0,0,0,0,0,[1]
dunglas/frankenphp,ManukMinasyan,1,0,0,0,0,0,0,0,0,0,0,0,0,0,[1]
dunglas/frankenphp,COil,1,0,0,0,0,0,0,0,0,0,0,0,0,0,[1]
dunglas/frankenphp,J3m5,1,0,0,0,0,0,0,0,0,0,0,0,0,0,[1]
dunglas/frankenphp,artyuum,1,0,0,0,0,0,0,0,0,0,0,0,0,0,[1]
dunglas/frankenphp,PatentLobster,1,0,0,0,0,0,0,0,0,0,0,0,0,0,[1]
dunglas/frankenphp,noxerlito,1,0,0,0,0,0,0,0,0,0,0,0,0,0,[1]
dunglas/frankenphp,Rizky92,1,0,0,0,0,0,0,0,0,0,0,0,0,0,[1]
dunglas/frankenphp,lenybernard,1,0,0,0,0,0,0,0,0,0,0,0,0,0,[1]
dunglas/frankenphp,daFish,1,0,0,0,0,0,0,0,0,0,0,0,0,0,[1]
dunglas/frankenphp,mikedfunk,1,0,0,0,0,0,0,0,0,0,0,0,0,0,[1]
dunglas/frankenphp,hani17,1,0,0,0,0,0,0,0,0,0,0,0,0,0,[1]
dunglas/frankenphp,till,1,0,0,0,0,0,0,0,0,0,0,0,0,0,[1]
dunglas/frankenphp,ging-dev,1,0,0,0,0,0,0,0,0,0,0,0,0,0,[1]
dunglas/frankenphp,amman20,1,0,0,0,0,0,0,0,0,0,0,0,0,0,[1]
dunglas/frankenphp,cassiohalmeida,1,0,0,0,0,0,0,0,0,0,0,0,0,0,[1]
dunglas/frankenphp,frankblom,1,0,0,0,0,0,0,0,0,0,0,0,0,0,[1]
dunglas/frankenphp,jmgalzate,1,0,0,0,0,0,0,0,0,0,0,0,0,0,[1]
dunglas/frankenphp,M1crogravity,1,0,0,0,0,0,0,0,0,0,0,0,0,0,[1]
dunglas/frankenphp,patryyyck,1,0,0,0,0,0,0,0,0,0,0,0,0,0,[1]
dunglas/frankenphp,tomhatzer,1,0,0,0,0,0,0,0,0,0,0,0,0,0,[1]
dunglas/frankenphp,brunogaspar,1,0,0,0,0,0,0,0,0,0,0,0,0,0,[1]
dunglas/frankenphp,int3hh,1,0,0,0,0,0,0,0,0,0,0,0,0,0,[1]
dunglas/frankenphp,ankurk91,1,0,0,0,0,0,0,0,0,0,0,0,0,0,[1]
dunglas/frankenphp,xuchunyang,1,0,0,0,0,0,0,0,0,0,0,0,0,0,[1]
dunglas/frankenphp,SpiGAndromeda,1,0,0,0,0,0,0,0,0,0,0,0,0,0,[1]
dunglas/frankenphp,whitesided,1,0,0,0,0,0,0,0,0,0,0,0,0,0,[1]
dunglas/frankenphp,alwaysblank,1,0,0,0,0,0,0,0,0,0,0,0,0,0,[1]
dunglas/frankenphp,eberkund,1,0,0,0,0,0,0,0,0,0,0,0,0,0,[1]
dunglas/frankenphp,sahdoio,1,0,0,0,0,0,0,0,0,0,0,0,0,0,[1]
dunglas/frankenphp,JoshuaBehrens,1,0,0,0,0,0,0,0,0,0,0,0,0,0,[1]
dunglas/frankenphp,mlehner,1,0,0,0,0,0,0,0,0,0,0,0,0,0,[1]
dunglas/frankenphp,TAR5,1,0,0,0,0,0,0,0,0,0,0,0,0,0,[1]
dunglas/frankenphp,jgillich,1,0,0,1,0,0,0,0,0,0,0,0,0,0,[2]
dunglas/frankenphp,james2doyle,1,0,0,0,0,0,0,0,0,0,0,0,0,0,[1]
dunglas/frankenphp,mustafauysal,1,0,0,0,0,0,0,0,0,0,0,0,0,0,[1]
dunglas/frankenphp,whyboris,1,0,0,0,0,0,0,0,0,0,0,0,0,0,[1]
dunglas/frankenphp,harishdurga,1,0,0,0,0,0,0,0,0,0,0,0,0,0,[1]
dunglas/frankenphp,vonj,1,0,0,0,0,0,0,0,0,0,0,0,0,0,[1]
dunglas/frankenphp,kaioken,1,0,0,0,0,0,0,0,0,0,0,0,0,0,[1]
dunglas/frankenphp,lukemoynihan,1,0,0,0,0,0,0,0,0,0,0,0,0,0,[1]
dunglas/frankenphp,louis70109,1,0,0,0,0,0,0,0,0,0,0,0,0,0,[1]
dunglas/frankenphp,i-Gondor,1,0,0,0,0,0,0,0,0,0,0,0,0,0,[1]
dunglas/frankenphp,bdossantos,1,0,0,0,0,0,0,0,0,0,0,0,0,0,[1]
dunglas/frankenphp,blump,1,0,0,0,0,0,0,0,0,0,0,0,0,0,[1]
dunglas/frankenphp,dclark,1,0,0,0,0,0,0,0,0,0,0,0,0,0,[1]
dunglas/frankenphp,Tayfun74,1,0,0,0,0,0,0,0,0,0,0,0,0,0,[1]
dunglas/frankenphp,danilopinotti,1,0,0,0,0,0,0,0,0,0,0,0,0,0,[1]
dunglas/frankenphp,martin-helmich,1,0,0,0,0,0,0,0,0,0,0,0,0,0,[1]
dunglas/frankenphp,Dovyski,1,0,0,0,0,0,0,0,0,0,0,0,0,0,[1]
dunglas/frankenphp,cnpdev,1,0,0,0,0,0,0,0,0,0,0,0,0,0,[1]
dunglas/frankenphp,varbhat,1,0,0,0,0,0,0,0,0,0,0,0,0,0,[1]
dunglas/frankenphp,abdusco,1,0,0,0,0,0,0,0,0,0,0,0,0,0,[1]
dunglas/frankenphp,davidpp,1,0,0,0,0,0,0,0,0,0,0,0,0,0,[1]
dunglas/frankenphp,pstaender,1,0,0,0,0,0,0,0,0,0,0,0,0,0,[1]
dunglas/frankenphp,danielzzz,1,0,0,0,0,0,0,0,0,0,0,0,0,0,[1]
dunglas/frankenphp,JKHarley,1,0,0,0,0,0,0,0,0,0,0,0,0,0,[1]
dunglas/frankenphp,kissgyorgy,1,0,0,0,0,0,0,0,0,0,0,0,0,0,[1]
dunglas/frankenphp,motzel,1,0,0,0,0,0,0,0,0,0,0,0,0,0,[1]
dunglas/frankenphp,xthiago,1,0,0,0,0,0,0,0,0,0,0,0,0,0,[1]
dunglas/frankenphp,ducktype,1,0,0,0,0,0,0,0,0,0,0,0,0,0,[1]
dunglas/frankenphp,theodesp,1,0,0,0,0,0,0,0,0,0,0,0,0,0,[1]
dunglas/frankenphp,Horlerdipo,1,0,0,0,0,0,0,0,0,0,0,0,0,0,[1]
dunglas/frankenphp,codeDeeAi,1,0,0,0,0,0,0,0,0,0,0,0,0,0,[1]
dunglas/frankenphp,makraz,1,0,0,0,0,0,0,0,0,0,0,0,0,0,[1]
dunglas/frankenphp,joseaneto,1,0,0,0,0,0,0,0,0,0,0,0,0,0,[1]
dunglas/frankenphp,EXayer,1,0,0,0,0,0,0,0,0,0,0,0,0,0,[1]
dunglas/frankenphp,MarceauKa,1,0,0,0,0,0,0,0,0,0,0,0,0,0,[1]
dunglas/frankenphp,remcotolsma,1,0,0,0,0,0,0,0,0,0,0,0,0,0,[1]
dunglas/frankenphp,keichinger,1,0,0,0,0,0,0,0,0,0,0,0,0,0,[1]
dunglas/frankenphp,m8e,1,0,0,0,0,0,0,0,0,0,0,0,0,0,[1]
dunglas/frankenphp,Yoann-TYT,1,0,0,0,0,0,0,0,0,0,0,0,0,0,[1]
dunglas/frankenphp,alexmart,1,0,0,0,0,0,0,0,0,0,0,0,0,0,[1]
dunglas/frankenphp,asifroyal,1,0,0,0,0,0,0,0,0,0,0,0,0,0,[1]
dunglas/frankenphp,jakubtobiasz,1,0,0,0,0,0,0,0,0,0,0,0,0,0,[1]
dunglas/frankenphp,ddemoss222,1,0,0,0,0,0,0,0,0,0,0,0,0,0,[1]
dunglas/frankenphp,hermann8u,1,0,0,0,0,0,0,0,0,0,0,0,0,0,[1]
dunglas/frankenphp,romanoff,1,0,0,0,0,0,0,0,0,0,0,0,0,0,[1]
dunglas/frankenphp,octoper,1,0,0,0,0,0,0,0,0,0,0,0,0,0,[1]
dunglas/frankenphp,jorisnoo,1,0,0,0,0,0,0,0,0,0,0,0,0,0,[1]
dunglas/frankenphp,pablobb,1,0,0,0,0,0,0,0,0,0,0,0,0,0,[1]
dunglas/frankenphp,skurfuerst,1,0,0,0,0,0,0,0,0,0,0,0,0,0,[1]
dunglas/frankenphp,tyrbo,1,0,0,0,0,0,0,0,0,0,0,0,0,0,[1]
dunglas/frankenphp,staabm,1,0,0,0,0,0,0,0,0,0,0,0,0,0,[1]
dunglas/frankenphp,phaer,1,0,0,0,0,0,0,0,0,0,0,0,0,0,[1]
dunglas/frankenphp,sdbruder,1,0,0,0,0,0,0,0,0,0,0,0,0,0,[1]
dunglas/frankenphp,romanzipp,1,0,0,0,0,0,0,0,0,0,0,0,0,0,[1]
dunglas/frankenphp,codegeek1001,1,0,0,0,0,0,0,0,0,0,0,0,0,0,[1]
dunglas/frankenphp,tijno,1,0,0,0,0,0,0,0,0,0,0,0,0,0,[1]
dunglas/frankenphp,mkarolczyk,1,0,0,0,0,0,0,0,0,0,0,0,0,0,[1]
dunglas/frankenphp,solracsf,1,0,0,0,0,0,0,0,0,0,0,0,0,0,[1]
dunglas/frankenphp,lucamanunza,1,0,0,0,0,0,0,0,0,0,0,0,0,0,[1]
dunglas/frankenphp,tanjibpa,1,0,0,0,0,0,0,0,0,0,0,0,0,0,[1]
dunglas/frankenphp,albingeorge,1,0,0,0,0,0,0,0,0,0,0,0,0,0,[1]
dunglas/frankenphp,neo-franklin-tina,1,0,0,0,0,0,0,0,0,0,0,0,0,0,[1]
dunglas/frankenphp,mxuribe,1,0,0,0,0,0,0,0,0,0,0,0,0,0,[1]
dunglas/frankenphp,llagerlof,1,0,0,0,0,0,0,0,0,0,0,0,0,0,[1]
dunglas/frankenphp,lucasmenendez,1,0,0,0,0,0,0,0,0,0,0,0,0,0,[1]
dunglas/frankenphp,mglaman,1,0,0,0,0,0,0,0,0,0,0,0,0,0,[1]
dunglas/frankenphp,vinigr,1,0,0,0,0,0,0,0,0,0,0,0,0,0,[1]
dunglas/frankenphp,TijmenWierenga,1,0,0,0,0,0,0,0,0,0,0,0,0,0,[1]
dunglas/frankenphp,tetnobic,1,0,0,0,0,0,0,0,0,0,0,0,0,0,[1]
dunglas/frankenphp,micc83,1,0,0,0,0,0,0,0,0,0,0,0,0,0,[1]
dunglas/frankenphp,devlulcas,1,0,0,0,0,0,0,0,0,0,0,0,0,0,[1]
dunglas/frankenphp,moneya,1,0,0,0,0,0,0,0,0,0,0,0,0,0,[1]
dunglas/frankenphp,atapatel,1,0,0,0,0,0,0,0,0,0,0,0,0,0,[1]
dunglas/frankenphp,jockking,1,0,0,0,0,0,0,0,0,0,0,0,0,0,[1]
dunglas/frankenphp,hdogan,1,0,0,0,0,0,0,0,0,0,0,0,0,0,[1]
dunglas/frankenphp,githubcdr,1,0,0,0,0,0,0,0,0,0,0,0,0,0,[1]
dunglas/frankenphp,gnouet,1,0,0,0,0,0,0,0,0,0,0,0,0,0,[1]
dunglas/frankenphp,ahmadina,1,0,0,0,0,0,0,0,0,0,0,0,0,0,[1]
dunglas/frankenphp,Flameborn,2,0,0,0,0,0,0,0,0,0,0,0,0,0,[2]
dunglas/frankenphp,dpatrie,1,0,0,0,0,0,0,0,0,0,0,0,0,0,[1]
dunglas/frankenphp,webda2l,1,0,0,0,0,0,0,0,0,0,0,0,0,0,[1]
dunglas/frankenphp,teradyne,1,0,0,0,0,0,0,0,0,0,0,0,0,0,[1]
dunglas/frankenphp,Mazzzoni,1,0,0,0,0,0,0,0,0,0,0,0,0,0,[1]
dunglas/frankenphp,Chaz6,1,0,0,0,0,0,0,0,0,0,0,0,0,0,[1]
dunglas/frankenphp,djvdorp,1,0,0,0,0,0,0,0,0,0,0,0,0,0,[1]
dunglas/frankenphp,cmizzi,1,0,0,0,0,0,0,0,0,0,0,0,0,0,[1]
dunglas/frankenphp,yurirnascimento,1,0,0,0,0,0,0,0,0,0,0,0,0,0,[1]
dunglas/frankenphp,cngJo,1,0,0,0,0,0,0,0,0,0,0,0,0,0,[1]
dunglas/frankenphp,robindiddams,1,0,0,0,0,0,0,0,0,0,0,0,0,0,[1]
dunglas/frankenphp,seeekr,1,0,0,0,0,0,0,0,0,0,0,0,0,0,[1]
dunglas/frankenphp,bacheson,1,0,0,0,0,0,0,0,0,0,0,0,0,0,[1]
dunglas/frankenphp,geetsww,1,0,0,0,0,0,0,0,0,0,0,0,0,0,[1]
dunglas/frankenphp,Ewoutvans,1,0,0,0,0,0,0,0,0,0,0,0,0,0,[1]
dunglas/frankenphp,jcambien,1,0,0,0,0,0,0,0,0,0,0,0,0,0,[1]
dunglas/frankenphp,shamimshams,1,0,0,0,0,0,0,0,0,0,0,0,0,0,[1]
dunglas/frankenphp,Kovah,1,0,0,0,0,0,0,0,0,0,0,0,0,0,[1]
dunglas/frankenphp,machour,1,0,0,0,0,0,0,0,0,0,0,0,0,0,[1]
dunglas/frankenphp,kadnan,1,0,0,0,0,0,0,0,0,0,0,0,0,0,[1]
dunglas/frankenphp,danhere,1,0,0,0,0,0,0,0,0,0,0,0,0,0,[1]
dunglas/frankenphp,GenieTim,1,0,0,0,0,0,0,0,0,0,0,0,0,0,[1]
dunglas/frankenphp,mykiwi,1,0,0,0,0,0,0,0,0,0,0,0,0,0,[1]
dunglas/frankenphp,robmeek,1,0,0,0,0,0,0,0,0,0,0,0,0,0,[1]
dunglas/frankenphp,Majesko,1,0,0,0,0,0,0,0,0,0,0,0,0,0,[1]
dunglas/frankenphp,Deadpikle,1,0,0,0,0,0,0,0,0,0,0,0,0,0,[1]
dunglas/frankenphp,pbowyer,1,0,0,0,0,0,0,0,0,0,0,0,0,0,[1]
dunglas/frankenphp,alister,1,0,0,0,0,0,0,0,0,0,0,0,0,0,[1]
dunglas/frankenphp,kelgob,1,0,0,0,0,0,0,0,0,0,0,0,0,0,[1]
dunglas/frankenphp,David-Crty,1,0,0,0,0,0,0,0,0,0,0,0,0,0,[1]
dunglas/frankenphp,FelipeUmpierre,1,0,0,0,0,0,0,0,0,0,0,0,0,0,[1]
dunglas/frankenphp,chronhub,1,0,0,0,0,0,0,0,0,0,0,0,0,0,[1]
dunglas/frankenphp,pmaene,1,0,0,0,0,0,0,0,0,0,0,0,0,0,[1]
dunglas/frankenphp,isflavior,1,0,0,0,0,0,0,0,0,0,0,0,0,0,[1]
dunglas/frankenphp,sdmtt,1,0,0,0,0,0,0,0,0,0,0,0,0,0,[1]
dunglas/frankenphp,ganigeorgiev,1,0,0,0,0,0,0,0,0,0,0,0,0,0,[1]
dunglas/frankenphp,patryk,1,0,0,0,0,0,0,0,0,0,0,0,0,0,[1]
dunglas/frankenphp,kamaln7,1,0,0,0,0,0,0,0,0,0,0,0,0,0,[1]
dunglas/frankenphp,jeremyharris,1,0,0,0,0,0,0,0,0,0,0,0,0,0,[1]
dunglas/frankenphp,Simoneu01,1,0,0,0,0,0,0,0,0,0,0,0,0,0,[1]
dunglas/frankenphp,nesl247,1,0,0,0,0,0,0,0,0,0,0,0,0,0,[1]
dunglas/frankenphp,fbarthez,1,0,0,0,0,0,0,0,0,0,0,0,0,0,[1]
dunglas/frankenphp,oleg-andreyev,1,0,0,0,0,0,0,0,0,0,0,0,0,0,[1]
dunglas/frankenphp,Fonctionnaire,1,0,0,0,0,0,0,0,0,0,0,0,0,0,[1]
dunglas/frankenphp,donatj,1,0,0,0,0,0,0,0,0,0,0,0,0,0,[1]
dunglas/frankenphp,joshangell,1,0,0,0,0,0,0,0,0,0,0,0,0,0,[1]
dunglas/frankenphp,BenjaminDuez,1,0,0,0,0,0,0,0,0,0,0,0,0,0,[1]
dunglas/frankenphp,elioermini,1,0,0,0,0,0,0,0,0,0,0,0,0,0,[1]
dunglas/frankenphp,rrenteria-dev,1,0,0,0,0,0,0,0,0,0,0,0,0,0,[1]
dunglas/frankenphp,jeancarlozapata,1,0,0,0,0,0,0,0,0,0,0,0,0,0,[1]
dunglas/frankenphp,mchauvel,1,0,0,0,0,0,0,0,0,0,0,0,0,0,[1]
dunglas/frankenphp,wojo1206,1,0,0,0,0,0,0,0,0,0,0,0,0,0,[1]
dunglas/frankenphp,Danielss89,1,0,0,0,0,0,0,0,0,0,0,0,0,0,[1]
dunglas/frankenphp,deligoez,1,0,0,0,0,0,0,0,0,0,0,0,0,0,[1]
dunglas/frankenphp,Richard87,1,0,0,0,0,0,0,0,0,0,0,0,0,0,[1]
dunglas/frankenphp,starkfree,1,0,0,0,0,0,0,0,0,0,0,0,0,0,[1]
dunglas/frankenphp,fieu,1,0,0,0,0,0,0,0,0,0,0,0,0,0,[1]
dunglas/frankenphp,rubberneck,1,0,0,0,0,0,0,0,0,0,0,0,0,0,[1]
dunglas/frankenphp,yayann,1,0,0,0,0,0,0,0,0,0,0,0,0,0,[1]
dunglas/frankenphp,jojomi,1,0,0,0,0,0,0,0,0,0,0,0,0,0,[1]
dunglas/frankenphp,nohn,1,0,0,0,0,0,0,0,0,0,0,0,0,0,[1]
dunglas/frankenphp,mystique09,1,0,0,0,0,0,0,0,0,0,0,0,0,0,[1]
dunglas/frankenphp,CSNWEB,1,0,0,0,0,0,0,0,0,0,0,0,0,0,[1]
dunglas/frankenphp,diabolus,1,0,0,0,0,0,0,0,0,0,0,0,0,0,[1]
dunglas/frankenphp,garak,1,0,0,0,0,0,0,0,0,0,0,0,0,0,[1]
dunglas/frankenphp,nchudleigh,1,0,0,0,0,0,0,0,0,0,0,0,0,0,[1]
dunglas/frankenphp,cmmartin,1,0,0,0,0,0,0,0,0,0,0,0,0,0,[1]
dunglas/frankenphp,42wim,1,0,0,0,0,0,0,0,0,0,0,0,0,0,[1]
dunglas/frankenphp,lucascaires,1,0,0,0,0,0,0,0,0,0,0,0,0,0,[1]
dunglas/frankenphp,dv336699,1,0,0,0,0,0,0,0,0,0,0,0,0,0,[1]
dunglas/frankenphp,danmatthews,1,0,0,0,0,0,0,0,0,0,0,0,0,0,[1]
dunglas/frankenphp,sayopaul,1,0,0,0,0,0,0,0,0,0,0,0,0,0,[1]
dunglas/frankenphp,davidjosephhayes,1,0,0,0,0,0,0,0,0,0,0,0,0,0,[1]
dunglas/frankenphp,renehennig,1,0,0,0,0,0,0,0,0,0,0,0,0,0,[1]
dunglas/frankenphp,Arkounay,1,0,0,0,0,0,0,0,0,0,0,0,0,0,[1]
dunglas/frankenphp,jygastaud,1,0,0,0,0,0,0,0,0,0,0,0,0,0,[1]
dunglas/frankenphp,xhit,1,0,0,0,0,0,0,0,0,0,0,0,0,0,[1]
dunglas/frankenphp,Bellardia,1,0,0,0,0,0,0,0,0,0,0,0,0,0,[1]
dunglas/frankenphp,Jimmy99,0,1,0,0,0,0,0,0,0,0,0,0,0,0,[1]
dunglas/frankenphp,smortexa,1,0,0,0,0,0,0,0,0,0,0,0,0,0,[1]
dunglas/frankenphp,dalabarge,1,0,0,0,0,0,0,0,0,0,0,0,0,0,[1]
dunglas/frankenphp,KDKSoftware,1,0,0,0,0,0,0,0,0,0,0,0,0,0,[1]
dunglas/frankenphp,theskyfloor,1,0,0,0,0,0,0,0,0,0,0,0,0,0,[1]
dunglas/frankenphp,kardianos,1,0,0,0,0,0,0,0,0,0,0,0,0,0,[1]
dunglas/frankenphp,mykiwi-forks,0,1,0,0,0,0,0,0,0,0,0,0,0,0,[1]
dunglas/frankenphp,davelima,1,0,0,0,0,0,0,0,0,0,0,0,0,0,[1]
dunglas/frankenphp,Nielson,1,0,0,0,0,0,0,0,0,0,0,0,0,0,[1]
dunglas/frankenphp,zichy,1,0,0,0,0,0,0,0,0,0,0,0,0,0,[1]
dunglas/frankenphp,hoffigk,1,0,0,0,0,0,0,0,0,0,0,0,0,0,[1]
dunglas/frankenphp,stefanocurnis,1,0,0,0,0,0,0,0,0,0,0,0,0,0,[1]
dunglas/frankenphp,Aethedigm,1,0,0,0,0,0,0,0,0,0,0,0,0,0,[1]
dunglas/frankenphp,Powerhamster,1,0,0,0,0,0,0,0,0,0,0,0,0,0,[1]
dunglas/frankenphp,WProbot,1,0,0,0,0,0,0,0,0,0,0,0,0,0,[1]
dunglas/frankenphp,dominikgeimer,1,0,0,0,0,0,0,0,0,0,0,0,0,0,[1]
dunglas/frankenphp,mboultoureau,1,0,0,0,0,0,0,0,0,0,0,0,0,0,[1]
dunglas/frankenphp,dbtek,1,0,0,0,0,0,0,0,0,0,0,0,0,0,[1]
dunglas/frankenphp,Scarjit,1,0,0,0,0,0,0,0,0,0,0,0,0,0,[1]
dunglas/frankenphp,SergeC,1,0,0,0,0,0,0,0,0,0,0,0,0,0,[1]
dunglas/frankenphp,webcraftniray,1,0,0,0,0,0,0,0,0,0,0,0,0,0,[1]
dunglas/frankenphp,deviddev,1,0,0,0,0,0,0,0,0,0,0,0,0,0,[1]
dunglas/frankenphp,arasosman,1,0,0,0,0,0,0,0,0,0,0,0,0,0,[1]
dunglas/frankenphp,BowlingX,1,0,0,0,0,0,0,0,0,0,0,0,0,0,[1]
dunglas/frankenphp,benjamimWalker,1,0,0,0,0,0,0,0,0,0,0,0,0,0,[1]
dunglas/frankenphp,craigrodway,1,0,0,0,0,0,0,0,0,0,0,0,0,0,[1]
dunglas/frankenphp,michaelhood,1,0,0,0,0,0,0,0,0,0,0,0,0,0,[1]
dunglas/frankenphp,algethamy,1,0,0,0,0,0,0,0,0,0,0,0,0,0,[1]
dunglas/frankenphp,itapingu,1,0,0,0,0,0,0,0,0,0,0,0,0,0,[1]
dunglas/frankenphp,wincelau,1,0,0,0,0,0,0,0,0,0,0,0,0,0,[1]
dunglas/frankenphp,NicolasCARPi,1,0,0,0,0,0,0,0,0,0,0,0,0,0,[1]
dunglas/frankenphp,webhaikal,1,0,0,0,0,0,0,0,0,0,0,0,0,0,[1]
dunglas/frankenphp,sebastiansommer,1,0,0,0,0,0,0,0,0,0,0,0,0,0,[1]
dunglas/frankenphp,ianriizky,1,0,0,0,0,0,0,0,0,0,0,0,0,0,[1]
dunglas/frankenphp,LaurentGruber,1,0,0,0,0,0,0,0,0,0,0,0,0,0,[1]
dunglas/frankenphp,soyuka,1,0,0,0,0,0,0,0,0,0,0,0,0,0,[1]
dunglas/frankenphp,fe80,1,0,0,0,0,0,0,0,0,0,0,0,0,0,[1]
dunglas/frankenphp,gmgarrison,1,0,0,0,0,0,0,0,0,0,0,0,0,0,[1]
dunglas/frankenphp,SimonWaldherr,1,0,0,0,0,0,0,0,0,0,0,0,0,0,[1]
dunglas/frankenphp,Nsbx,1,0,0,0,0,0,0,0,0,0,0,0,0,0,[1]
dunglas/frankenphp,saifat29,1,0,0,0,0,0,0,0,0,0,0,0,0,0,[1]
dunglas/frankenphp,nikolay,1,0,0,0,0,0,0,0,0,0,0,0,0,0,[1]
dunglas/frankenphp,sztanpet,1,0,0,0,0,0,0,0,0,0,0,0,0,0,[1]
dunglas/frankenphp,Tagliatti,1,0,0,0,0,0,0,0,0,0,0,0,0,0,[1]
dunglas/frankenphp,mrcampbell,1,0,0,0,0,0,0,0,0,0,0,0,0,0,[1]
dunglas/frankenphp,bramdevries,1,0,0,0,0,0,0,0,0,0,0,0,0,0,[1]
dunglas/frankenphp,xexu,1,0,0,0,0,0,0,0,0,0,0,0,0,0,[1]
dunglas/frankenphp,striebwj,1,0,0,0,0,0,0,0,0,0,0,0,0,0,[1]
dunglas/frankenphp,fheusel,1,0,0,0,0,0,0,0,0,0,0,0,0,0,[1]
dunglas/frankenphp,phpfour,1,0,0,0,0,0,0,0,0,0,0,0,0,0,[1]
dunglas/frankenphp,CunningFatalist,1,0,0,0,0,0,0,0,0,0,0,0,0,0,[1]
dunglas/frankenphp,ejulen,1,0,0,0,0,0,0,0,0,0,0,0,0,0,[1]
dunglas/frankenphp,borgenk,1,0,0,0,0,0,0,0,0,0,0,0,0,0,[1]
dunglas/frankenphp,hason,1,0,0,0,0,0,0,0,0,0,0,0,0,0,[1]
dunglas/frankenphp,bzhazreal,1,0,0,0,0,0,0,0,0,0,0,0,0,0,[1]
dunglas/frankenphp,paroe,1,0,0,0,0,0,0,0,0,0,0,0,0,0,[1]
dunglas/frankenphp,garyblankenship,1,0,0,0,0,0,0,0,0,0,0,0,0,0,[1]
dunglas/frankenphp,brabli,1,0,0,0,0,0,0,0,0,0,0,0,0,0,[1]
dunglas/frankenphp,kodumbeats,1,0,0,0,0,0,0,0,0,0,0,0,0,0,[1]
dunglas/frankenphp,fkolcu,1,0,0,0,0,0,0,0,0,0,0,0,0,0,[1]
dunglas/frankenphp,Eddaoust,1,0,0,0,0,0,0,0,0,0,0,0,0,0,[1]
dunglas/frankenphp,jafamo,1,0,0,0,0,0,0,0,0,0,0,0,0,0,[1]
dunglas/frankenphp,ChqThomas,1,0,0,0,0,0,0,0,0,0,0,0,0,0,[1]
dunglas/frankenphp,tucksaun,1,0,0,0,0,0,0,0,0,0,0,0,0,0,[1]
dunglas/frankenphp,jkrzefski,1,0,0,0,0,0,0,0,0,0,0,0,0,0,[1]
dunglas/frankenphp,chrisvanberg,1,0,0,0,0,0,0,0,0,0,0,0,0,0,[1]
dunglas/frankenphp,orware,1,0,0,0,0,0,0,0,0,0,0,0,0,0,[1]
dunglas/frankenphp,steffenweber,1,0,0,0,0,0,0,0,0,0,0,0,0,0,[1]
dunglas/frankenphp,uitlaber,1,0,0,0,0,0,0,0,0,0,0,0,0,0,[1]
dunglas/frankenphp,GabrielAyala,1,0,0,0,0,0,0,0,0,0,0,0,0,0,[1]
dunglas/frankenphp,arnissolle,1,0,0,0,0,0,0,0,0,0,0,0,0,0,[1]
dunglas/frankenphp,marmichalski,1,0,0,0,0,0,0,0,0,0,0,0,0,0,[1]
dunglas/frankenphp,shawnlindstrom,1,0,0,0,0,0,0,0,0,0,0,0,0,0,[1]
dunglas/frankenphp,graste,1,0,0,0,0,0,0,0,0,0,0,0,0,0,[1]
dunglas/frankenphp,magicbyt3,1,1,0,0,0,0,0,0,0,0,0,0,0,0,[2]
dunglas/frankenphp,gromez,1,0,0,0,0,0,0,0,0,0,0,0,0,0,[1]
dunglas/frankenphp,sandoba,1,0,0,0,0,0,0,0,0,0,0,0,0,0,[1]
dunglas/frankenphp,neluba,1,0,0,0,0,0,0,0,0,0,0,0,0,0,[1]
dunglas/frankenphp,charliewilson,1,0,0,0,0,0,0,0,0,0,0,0,0,0,[1]
dunglas/frankenphp,OhMyMndy,1,0,0,0,0,0,0,0,0,0,0,0,0,0,[1]
dunglas/frankenphp,misaon,1,0,0,0,0,0,0,0,0,0,0,0,0,0,[1]
dunglas/frankenphp,wernersmit,1,0,0,0,0,0,0,0,0,0,0,0,0,0,[1]
dunglas/frankenphp,metoikos,1,0,0,0,0,0,0,0,0,0,0,0,0,0,[1]
dunglas/frankenphp,matt-harvey,1,0,0,0,0,0,0,0,0,0,0,0,0,0,[1]
dunglas/frankenphp,AnTheMaker,1,0,0,0,0,0,0,0,0,0,0,0,0,0,[1]
dunglas/frankenphp,arcdigital,1,0,0,0,0,0,0,0,0,0,0,0,0,0,[1]
dunglas/frankenphp,tuqqu,1,0,0,0,0,0,0,0,0,0,0,0,0,0,[1]
dunglas/frankenphp,coldic3,1,0,0,0,0,0,0,0,0,0,0,0,0,0,[1]
dunglas/frankenphp,arjvik,1,0,0,0,0,0,0,0,0,0,0,0,0,0,[1]
dunglas/frankenphp,ricardoper,1,0,0,0,0,0,0,0,0,0,0,0,0,0,[1]
dunglas/frankenphp,oivoodoo,1,0,0,0,0,0,0,0,0,0,0,0,0,0,[1]
dunglas/frankenphp,RobertBoes,1,0,0,0,0,0,0,0,0,0,0,0,0,0,[1]
dunglas/frankenphp,frovere,1,0,0,0,0,0,0,0,0,0,0,0,0,0,[1]
dunglas/frankenphp,bbrala,1,0,0,0,0,0,0,0,0,0,0,0,0,0,[1]
dunglas/frankenphp,pascalvb,1,0,0,0,0,0,0,0,0,0,0,0,0,0,[1]
dunglas/frankenphp,eminos,1,0,0,0,0,0,0,0,0,0,0,0,0,0,[1]
dunglas/frankenphp,shutdown57,1,0,0,0,0,0,0,0,0,0,0,0,0,0,[1]
dunglas/frankenphp,benjivm,1,0,0,0,0,0,0,0,0,0,0,0,0,0,[1]
dunglas/frankenphp,tombal76,1,0,0,0,0,0,0,0,0,0,0,0,0,0,[1]
dunglas/frankenphp,rosszurowski,1,0,0,0,0,0,0,0,0,0,0,0,0,0,[1]
dunglas/frankenphp,matths,1,0,0,0,0,0,0,0,0,0,0,0,0,0,[1]
dunglas/frankenphp,benjamintemitope,1,0,0,0,0,0,0,0,0,0,0,0,0,0,[1]
dunglas/frankenphp,angun33,1,0,0,0,0,0,0,0,0,0,0,0,0,0,[1]
dunglas/frankenphp,zeina1i,1,0,0,0,0,0,0,0,0,0,0,0,0,0,[1]
dunglas/frankenphp,innocenzi,1,0,0,0,0,0,0,0,0,0,0,0,0,0,[1]
dunglas/frankenphp,adriandulic,1,0,0,0,0,0,0,0,0,0,0,0,0,0,[1]
dunglas/frankenphp,porjo,1,0,0,0,0,0,0,0,0,0,0,0,0,0,[1]
dunglas/frankenphp,docteurklein,1,0,0,0,0,0,0,0,0,0,0,0,0,0,[1]
dunglas/frankenphp,zonetti,1,0,0,0,0,0,0,0,0,0,0,0,0,0,[1]
dunglas/frankenphp,paydaycay,1,0,0,0,0,0,0,0,0,0,0,0,0,0,[1]
dunglas/frankenphp,matthewpaulking,1,0,0,0,0,0,0,0,0,0,0,0,0,0,[1]
dunglas/frankenphp,robertdrakedennis,1,0,0,0,0,0,0,0,0,0,0,0,0,0,[1]
dunglas/frankenphp,maxisgrom,1,0,0,0,0,0,0,0,0,0,0,0,0,0,[1]
dunglas/frankenphp,soumikdemo,1,0,0,0,0,0,0,0,0,0,0,0,0,0,[1]
dunglas/frankenphp,proweb,1,0,0,0,0,0,0,0,0,0,0,0,0,0,[1]
dunglas/frankenphp,garethnic,1,0,0,0,0,0,0,0,0,0,0,0,0,0,[1]
dunglas/frankenphp,Furgas,1,0,0,0,0,0,0,0,0,0,0,0,0,0,[1]
dunglas/frankenphp,fballiano,1,0,0,0,0,0,0,0,0,0,0,0,0,0,[1]
dunglas/frankenphp,dgoosens,1,0,0,0,0,0,0,0,0,0,0,0,0,0,[1]
dunglas/frankenphp,rasmuscnielsen,1,0,0,0,0,0,0,0,0,0,0,0,0,0,[1]
dunglas/frankenphp,Vrtak-CZ,1,0,0,0,0,0,0,0,0,0,0,0,0,0,[1]
dunglas/frankenphp,brianguanzon,1,0,0,0,0,0,0,0,0,0,0,0,0,0,[1]
dunglas/frankenphp,lucasdotvin,1,0,0,0,0,0,0,0,0,0,0,0,0,0,[1]
dunglas/frankenphp,dangdennis,1,0,0,0,0,0,0,0,0,0,0,0,0,0,[1]
dunglas/frankenphp,stloyd,1,0,0,0,0,0,0,0,0,0,0,0,0,0,[1]
dunglas/frankenphp,if4lcon,1,0,0,0,0,0,0,0,0,0,0,0,0,0,[1]
dunglas/frankenphp,andrewkurzweil,1,0,0,0,0,0,0,0,0,0,0,0,0,0,[1]
dunglas/frankenphp,digitalkaoz,1,0,0,0,0,0,0,0,0,0,0,0,0,0,[1]
dunglas/frankenphp,GiuseppeRaso,1,0,0,0,0,0,0,0,0,0,0,0,0,0,[1]
dunglas/frankenphp,lifedraft,1,0,0,0,0,0,0,0,0,0,0,0,0,0,[1]
dunglas/frankenphp,Kugelschieber,1,0,0,0,0,0,0,0,0,0,0,0,0,0,[1]
dunglas/frankenphp,yoanbernabeu,1,0,0,0,0,0,0,0,0,0,0,0,0,0,[1]
dunglas/frankenphp,suffocatus,1,0,0,0,0,0,0,0,0,0,0,0,0,0,[1]
dunglas/frankenphp,niji-ahubert,1,0,0,0,0,0,0,0,0,0,0,0,0,0,[1]
dunglas/frankenphp,diego1araujo,1,0,0,0,0,0,0,0,0,0,0,0,0,0,[1]
dunglas/frankenphp,dwgebler,1,0,0,0,0,0,0,0,0,0,0,0,0,0,[1]
dunglas/frankenphp,c-nv-s,1,0,0,0,0,0,0,0,0,0,0,0,0,0,[1]
dunglas/frankenphp,hakimzulkufli,1,0,0,0,0,0,0,0,0,0,0,0,0,0,[1]
dunglas/frankenphp,jdreesen,1,0,0,0,0,0,0,0,0,0,0,0,0,0,[1]
dunglas/frankenphp,danieljaniga,1,0,0,0,0,0,0,0,0,0,0,0,0,0,[1]
dunglas/frankenphp,KaplanOmr,1,0,0,0,0,0,0,0,0,0,0,0,0,0,[1]
dunglas/frankenphp,georgbez,1,0,0,0,0,0,0,0,0,0,0,0,0,0,[1]
dunglas/frankenphp,7system7,1,0,0,0,0,0,0,0,0,0,0,0,0,0,[1]
dunglas/frankenphp,jon-ht,1,0,0,0,0,0,0,0,0,0,0,0,0,0,[1]
dunglas/frankenphp,KennedyTedesco,1,0,0,0,0,0,0,0,0,0,0,0,0,0,[1]
dunglas/frankenphp,akiyamaSM,1,0,0,0,0,0,0,0,0,0,0,0,0,0,[1]
dunglas/frankenphp,josemmo,1,0,0,0,0,0,0,0,0,0,0,0,0,0,[1]
dunglas/frankenphp,jasonmccallister,1,1,1,1,0,1,0,0,0,0,0,0,0,0,[5]
dunglas/frankenphp,notnek,1,0,0,0,0,0,0,0,0,0,0,0,0,0,[1]
dunglas/frankenphp,alaingilbert,1,0,0,0,0,0,0,0,0,0,0,0,0,0,[1]
dunglas/frankenphp,xarem,1,0,0,0,0,0,0,0,0,0,0,0,0,0,[1]
dunglas/frankenphp,jackharrhy,1,0,0,0,0,0,0,0,0,0,0,0,0,0,[1]
dunglas/frankenphp,pxpm,1,0,0,0,0,0,0,0,0,0,0,0,0,0,[1]
dunglas/frankenphp,G3z,1,0,0,0,0,0,0,0,0,0,0,0,0,0,[1]
dunglas/frankenphp,kocoten1992,1,0,0,0,0,0,0,0,0,0,0,0,0,0,[1]
dunglas/frankenphp,beganovich,1,0,0,0,0,0,0,0,0,0,0,0,0,0,[1]
dunglas/frankenphp,clementmas,1,0,0,0,0,0,0,0,0,0,0,0,0,0,[1]
dunglas/frankenphp,mikzero,1,0,0,0,0,0,0,0,0,0,0,0,0,0,[1]
dunglas/frankenphp,mateuszsip,1,0,0,0,0,0,0,0,0,0,0,0,0,0,[1]
dunglas/frankenphp,jlaute,1,0,0,0,0,0,0,0,0,0,0,0,0,0,[1]
dunglas/frankenphp,uchm4n,1,0,0,0,0,0,0,0,0,0,0,0,0,0,[1]
dunglas/frankenphp,saulens22,1,0,0,0,0,0,0,0,0,0,0,0,0,0,[1]
dunglas/frankenphp,kevinohashi,1,0,0,0,0,0,0,0,0,0,0,0,0,0,[1]
dunglas/frankenphp,hafkenscheid,1,0,0,0,0,0,0,0,0,0,0,0,0,0,[1]
dunglas/frankenphp,izniburak,1,0,0,0,0,0,0,0,0,0,0,0,0,0,[1]
dunglas/frankenphp,Fancman,1,0,0,0,0,0,0,0,0,0,0,0,0,0,[1]
dunglas/frankenphp,rmetzler,1,0,0,0,0,0,0,0,0,0,0,0,0,0,[1]
dunglas/frankenphp,mortensassi,1,0,0,0,0,0,0,0,0,0,0,0,0,0,[1]
dunglas/frankenphp,alviss7,1,0,0,0,0,0,0,0,0,0,0,0,0,0,[1]
dunglas/frankenphp,Jarzon,1,0,0,0,0,0,0,0,0,0,0,0,0,0,[1]
dunglas/frankenphp,stefannitsche,1,0,0,0,0,0,0,0,0,0,0,0,0,0,[1]
dunglas/frankenphp,alexFPalmero,1,0,0,0,0,0,0,0,0,0,0,0,0,0,[1]
dunglas/frankenphp,SanderMuller,1,0,0,0,0,0,0,0,0,0,0,0,0,0,[1]
dunglas/frankenphp,toniop99,1,0,0,0,0,0,0,0,0,0,0,0,0,0,[1]
dunglas/frankenphp,jjeising,1,0,0,0,0,0,0,0,0,0,0,0,0,0,[1]
dunglas/frankenphp,mkoprek,1,0,0,0,0,0,0,0,0,0,0,0,0,0,[1]
dunglas/frankenphp,winarcooo,1,0,0,0,0,0,0,0,0,0,0,0,0,0,[1]
dunglas/frankenphp,ohmydevops,1,0,0,0,0,0,0,0,0,0,0,0,0,0,[1]
dunglas/frankenphp,barbosa89,1,0,0,0,0,0,0,0,0,0,0,0,0,0,[1]
dunglas/frankenphp,evopix,1,0,0,0,0,0,0,0,0,0,0,0,0,0,[1]
dunglas/frankenphp,beyazitkolemen,1,0,0,0,0,0,0,0,0,0,0,0,0,0,[1]
dunglas/frankenphp,aslakr,1,0,0,0,0,0,0,0,0,0,0,0,0,0,[1]
dunglas/frankenphp,gmorel,1,0,0,0,0,0,0,0,0,0,0,0,0,0,[1]
dunglas/frankenphp,dingo-d,1,0,0,0,0,0,0,0,0,0,0,0,0,0,[1]
dunglas/frankenphp,hansv,1,0,0,0,0,0,0,0,0,0,0,0,0,0,[1]
dunglas/frankenphp,grayside,1,0,0,0,0,0,0,0,0,0,0,0,0,0,[1]
dunglas/frankenphp,adamhake,1,0,0,0,0,0,0,0,0,0,0,0,0,0,[1]
dunglas/frankenphp,jdstorm,1,0,0,0,0,0,0,0,0,0,0,0,0,0,[1]
dunglas/frankenphp,takamichi,1,0,0,0,0,0,0,0,0,0,0,0,0,0,[1]
dunglas/frankenphp,bloep,1,0,0,0,0,0,0,0,0,0,0,0,0,0,[1]
dunglas/frankenphp,Hypnopompia,1,0,0,0,0,0,0,0,0,0,0,0,0,0,[1]
dunglas/frankenphp,jraller,1,0,0,0,0,0,0,0,0,0,0,0,0,0,[1]
dunglas/frankenphp,withinboredom,1,0,0,0,0,0,0,0,0,0,0,0,0,0,[1]
dunglas/frankenphp,anglinb,1,0,0,0,0,0,0,0,0,0,0,0,0,0,[1]
dunglas/frankenphp,hslatman,1,0,0,0,0,0,0,0,0,0,0,0,0,0,[1]
dunglas/frankenphp,bbartsch,1,0,0,0,0,0,0,0,0,0,0,0,0,0,[1]
dunglas/frankenphp,SBaranH,1,0,0,0,0,0,0,0,0,0,0,0,0,0,[1]
dunglas/frankenphp,particleflux,1,0,0,0,0,0,0,0,0,0,0,0,0,0,[1]
dunglas/frankenphp,kip-13,1,0,0,0,0,0,0,0,0,0,0,0,0,0,[1]
dunglas/frankenphp,benjohnde,1,0,0,0,0,0,0,0,0,0,0,0,0,0,[1]
dunglas/frankenphp,Cleancookie,1,0,0,0,0,0,0,0,0,0,0,0,0,0,[1]
dunglas/frankenphp,jdadeliom,1,0,0,0,0,0,0,0,0,0,0,0,0,0,[1]
dunglas/frankenphp,drochette,1,0,0,0,0,0,0,0,0,0,0,0,0,0,[1]
dunglas/frankenphp,svenskanda,1,0,0,0,0,0,0,0,0,0,0,0,0,0,[1]
dunglas/frankenphp,travis-south,1,0,0,0,0,0,0,0,0,0,0,0,0,0,[1]
dunglas/frankenphp,prograti,1,0,0,0,0,0,0,0,0,0,0,0,0,0,[1]
dunglas/frankenphp,cshawaus,1,0,0,0,0,0,0,0,0,0,0,0,0,0,[1]
dunglas/frankenphp,woqk,1,0,0,0,0,0,0,0,0,0,0,0,0,0,[1]
dunglas/frankenphp,JamesHemery,1,0,0,0,0,0,0,0,0,0,0,0,0,0,[1]
dunglas/frankenphp,matthewmueller,1,0,0,0,0,0,0,0,0,0,0,0,0,0,[1]
dunglas/frankenphp,MariusE,1,0,0,0,0,0,0,0,0,0,0,0,0,0,[1]
dunglas/frankenphp,fruitl00p,1,0,0,0,0,0,0,0,0,0,0,0,0,0,[1]
dunglas/frankenphp,barhom,1,0,0,0,0,0,0,0,0,0,0,0,0,0,[1]
dunglas/frankenphp,bigwhite,1,0,0,0,0,0,0,0,0,0,0,0,0,0,[1]
dunglas/frankenphp,rpmeir,1,0,0,0,0,0,0,0,0,0,0,0,0,0,[1]
dunglas/frankenphp,mohammedazman,1,0,0,0,0,0,0,0,0,0,0,0,0,0,[1]
dunglas/frankenphp,Elegary,1,0,0,0,0,0,0,0,0,0,0,0,0,0,[1]
dunglas/frankenphp,kyleparisi,1,0,0,0,0,0,0,0,0,0,0,0,0,0,[1]
dunglas/frankenphp,achou11,1,0,0,0,0,0,0,0,0,0,0,0,0,0,[1]
dunglas/frankenphp,Klizzy,1,0,0,0,0,0,0,0,0,0,0,0,0,0,[1]
dunglas/frankenphp,rhpaiva,1,0,0,0,0,0,0,0,0,0,0,0,0,0,[1]
dunglas/frankenphp,crazyball,1,0,0,0,0,0,0,0,0,0,0,0,0,0,[1]
dunglas/frankenphp,szaimen,1,0,0,0,0,0,0,0,0,0,0,0,0,0,[1]
dunglas/frankenphp,sekmet,1,0,0,0,0,0,0,0,0,0,0,0,0,0,[1]
dunglas/frankenphp,spekulatius,1,0,0,0,0,0,0,0,0,0,0,0,0,0,[1]
dunglas/frankenphp,Wedrix,1,0,0,0,0,0,0,0,0,0,0,0,0,0,[1]
dunglas/frankenphp,Taik,1,0,0,0,0,0,0,0,0,0,0,0,0,0,[1]
dunglas/frankenphp,umarsheikh13,1,0,0,0,0,0,0,0,0,0,0,0,0,0,[1]
dunglas/frankenphp,eliseumds,1,0,0,0,0,0,0,0,0,0,0,0,0,0,[1]
dunglas/frankenphp,alekmlynek,1,0,0,0,0,0,0,0,0,0,0,0,0,0,[1]
dunglas/frankenphp,cnmade,1,0,0,0,0,0,0,0,0,0,0,0,0,0,[1]
dunglas/frankenphp,boxybird,1,0,0,0,0,0,0,0,0,0,0,0,0,0,[1]
dunglas/frankenphp,diogenesc,1,0,0,0,0,0,0,0,0,0,0,0,0,0,[1]
dunglas/frankenphp,Arvi89,1,0,0,0,0,0,0,0,0,0,0,0,0,0,[1]
dunglas/frankenphp,anacondaq,1,0,0,0,0,0,0,0,0,0,0,0,0,0,[1]
dunglas/frankenphp,ePirat,1,0,0,0,0,0,0,0,0,0,0,0,0,0,[1]
dunglas/frankenphp,m1k1o,1,0,0,0,0,0,0,0,0,0,0,0,0,0,[1]
dunglas/frankenphp,fabriziovass,1,0,0,0,0,0,0,0,0,0,0,0,0,0,[1]
dunglas/frankenphp,marcelofabianov,1,0,0,0,0,0,0,0,0,0,0,0,0,0,[1]
dunglas/frankenphp,lunaisnotaboy,1,0,0,0,0,0,0,0,0,0,0,0,0,0,[1]
dunglas/frankenphp,srustamov,1,0,0,0,0,0,0,0,0,0,0,0,0,0,[1]
dunglas/frankenphp,obahareth,1,0,0,0,0,0,0,0,0,0,0,0,0,0,[1]
dunglas/frankenphp,mahansky,1,0,0,0,0,0,0,0,0,0,0,0,0,0,[1]
dunglas/frankenphp,liverbool,1,0,0,0,0,0,0,0,0,0,0,0,0,0,[1]
dunglas/frankenphp,macropin,1,0,0,0,0,0,0,0,0,0,0,0,0,0,[1]
dunglas/frankenphp,norberttech,1,0,0,0,0,0,0,0,0,0,0,0,0,0,[1]
dunglas/frankenphp,khromov,1,0,0,0,0,0,0,0,0,0,0,0,0,0,[1]
dunglas/frankenphp,vitorarjol,1,0,0,0,0,0,0,0,0,0,0,0,0,0,[1]
dunglas/frankenphp,toofff,1,0,0,0,0,0,0,0,0,0,0,0,0,0,[1]
dunglas/frankenphp,inxilpro,1,0,0,0,0,0,0,0,0,0,0,0,0,0,[1]
dunglas/frankenphp,luigel,1,0,0,0,0,0,0,0,0,0,0,0,0,0,[1]
dunglas/frankenphp,Pierrot-l3-F0U,1,0,0,0,0,0,0,0,0,0,0,0,0,0,[1]
dunglas/frankenphp,hugoatease,1,0,0,0,0,0,0,0,0,0,0,0,0,0,[1]
dunglas/frankenphp,samgaw,1,0,0,0,0,0,0,0,0,0,0,0,0,0,[1]
dunglas/frankenphp,b111110110,1,0,0,0,0,0,0,0,0,0,0,0,0,0,[1]
dunglas/frankenphp,gasoved,1,0,0,0,0,0,0,0,0,0,0,0,0,0,[1]
dunglas/frankenphp,helbing,1,0,0,0,0,0,0,0,0,0,0,0,0,0,[1]
dunglas/frankenphp,dmyers,1,0,0,0,0,0,0,0,0,0,0,0,0,0,[1]
dunglas/frankenphp,alykhan,1,0,0,0,0,0,0,0,0,0,0,0,0,0,[1]
dunglas/frankenphp,LfJohnVo,1,0,0,0,0,0,0,0,0,0,0,0,0,0,[1]
dunglas/frankenphp,digicommons,1,0,0,0,0,0,0,0,0,0,0,0,0,0,[1]
dunglas/frankenphp,aveekbhat,1,0,0,0,0,0,0,0,0,0,0,0,0,0,[1]
dunglas/frankenphp,lyhiving,0,1,0,0,0,0,0,0,0,0,0,0,0,0,[1]
dunglas/frankenphp,kodjunkie,1,0,0,0,0,0,0,0,0,0,0,0,0,0,[1]
dunglas/frankenphp,heggern,1,0,0,0,0,0,0,0,0,0,0,0,0,0,[1]
dunglas/frankenphp,jeromegamez,1,0,0,0,0,0,0,0,0,0,0,0,0,0,[1]
dunglas/frankenphp,luiscns-alt,1,0,0,0,0,0,0,0,0,0,0,0,0,0,[1]
dunglas/frankenphp,vietphan-ioof,1,0,0,0,0,0,0,0,0,0,0,0,0,0,[1]
dunglas/frankenphp,examosa,1,0,0,0,0,0,0,0,0,0,0,0,0,0,[1]
dunglas/frankenphp,oaktreecode,1,0,0,0,0,0,0,0,0,0,0,0,0,0,[1]
dunglas/frankenphp,amcsi,1,0,0,0,0,0,0,0,0,0,0,0,0,0,[1]
dunglas/frankenphp,lyrixx,1,0,0,0,0,0,0,0,0,0,0,0,0,0,[1]
dunglas/frankenphp,simonhamp,1,0,0,0,0,0,0,0,0,0,0,0,0,0,[1]
dunglas/frankenphp,Michael-Chacon,1,0,0,0,0,0,0,0,0,0,0,0,0,0,[1]
dunglas/frankenphp,complacentsee,1,0,0,0,0,0,0,0,0,0,0,0,0,0,[1]
dunglas/frankenphp,mreduar,1,0,0,0,0,0,0,0,0,0,0,0,0,0,[1]
dunglas/frankenphp,rdccosmo,1,0,0,0,0,0,0,0,0,0,0,0,0,0,[1]
dunglas/frankenphp,filipeoliveiraa,1,0,0,0,0,0,0,0,0,0,0,0,0,0,[1]
dunglas/frankenphp,suabahasa,1,0,0,0,0,0,0,0,0,0,0,0,0,0,[1]
dunglas/frankenphp,habibtalib,1,0,0,0,0,0,0,0,0,0,0,0,0,0,[1]
dunglas/frankenphp,Capevace,1,0,0,0,0,0,0,0,0,0,0,0,0,0,[1]
dunglas/frankenphp,asadhaider,1,0,0,0,0,0,0,0,0,0,0,0,0,0,[1]
dunglas/frankenphp,marcobeierer,1,0,0,0,0,0,0,0,0,0,0,0,0,0,[1]
dunglas/frankenphp,steelbrain,1,0,0,0,0,0,0,0,0,0,0,0,0,0,[1]
dunglas/frankenphp,aidantomcy,1,0,0,0,0,0,0,0,0,0,0,0,0,0,[1]
dunglas/frankenphp,shivammathur,1,0,0,0,0,0,0,0,0,0,0,0,0,0,[1]
dunglas/frankenphp,fatehwaharp,1,0,0,0,0,0,0,0,0,0,0,0,0,0,[1]
dunglas/frankenphp,u89012,1,0,0,0,0,0,0,0,0,0,0,0,0,0,[1]
dunglas/frankenphp,Shelob9,1,0,0,0,0,0,0,0,0,0,0,0,0,0,[1]
dunglas/frankenphp,nielsofficeofficial,0,1,0,0,0,0,0,0,0,0,0,0,0,0,[1]
dunglas/frankenphp,fromeroj,0,1,0,0,0,0,0,0,0,0,0,0,0,0,[1]
dunglas/frankenphp,RezaPahleviBahruddin,1,0,0,0,0,0,0,0,0,0,0,0,0,0,[1]
dunglas/frankenphp,mnpenner,1,0,0,0,0,0,0,0,0,0,0,0,0,0,[1]
dunglas/frankenphp,yceruto,1,0,0,0,0,0,0,0,0,0,0,0,0,0,[1]
dunglas/frankenphp,zxhfirefox,1,0,0,0,0,0,0,0,0,0,0,0,0,0,[1]
dunglas/frankenphp,ptmkenny,1,0,0,0,0,0,0,0,0,0,0,0,0,0,[1]
dunglas/frankenphp,educarlosdev,1,0,0,0,0,0,0,0,0,0,0,0,0,0,[1]
dunglas/frankenphp,allanmcarvalho,1,0,0,0,0,0,0,0,0,0,0,0,0,0,[1]
dunglas/frankenphp,ZendaiOwl,1,0,0,0,0,0,0,0,0,0,0,0,0,0,[1]
dunglas/frankenphp,mike-sheppard,1,0,0,0,0,0,0,0,0,0,0,0,0,0,[1]
dunglas/frankenphp,borancar,1,0,0,0,0,0,0,0,0,0,0,0,0,0,[1]
dunglas/frankenphp,dylanblokhuis,0,0,1,2,0,0,0,0,0,0,0,0,0,0,[3]
dunglas/frankenphp,bardh7,1,0,0,0,0,0,0,0,0,0,0,0,0,0,[1]
dunglas/frankenphp,rocramer,1,0,0,0,0,0,0,0,0,0,0,0,0,0,[1]
dunglas/frankenphp,hubertz,1,0,0,0,0,0,0,0,0,0,0,0,0,0,[1]
dunglas/frankenphp,shooka,1,0,0,0,0,0,0,0,0,0,0,0,0,0,[1]
dunglas/frankenphp,real-jiakai,1,0,0,0,0,0,0,0,0,0,0,0,0,0,[1]
dunglas/frankenphp,elliewithcolor,1,0,0,0,0,0,0,0,0,0,0,0,0,0,[1]
dunglas/frankenphp,adamgroom,1,0,0,0,0,0,0,0,0,0,0,0,0,0,[1]
dunglas/frankenphp,freshy969,1,1,0,0,0,0,0,0,0,0,0,0,0,0,[2]
dunglas/frankenphp,IonBazan,1,0,0,0,0,0,0,0,0,0,0,0,0,0,[1]
dunglas/frankenphp,wuwx,0,1,0,0,0,0,0,0,0,0,0,0,0,0,[1]
dunglas/frankenphp,lsamu,1,0,0,0,0,0,0,0,0,0,0,0,0,0,[1]
dunglas/frankenphp,johnnypea,1,0,0,0,0,0,0,0,0,0,0,0,0,0,[1]
dunglas/frankenphp,tpetry,1,0,0,0,0,0,0,0,0,0,0,0,0,0,[1]
dunglas/frankenphp,fozbek,1,0,0,0,0,0,0,0,0,0,0,0,0,0,[1]
dunglas/frankenphp,jalainis,1,0,0,0,0,0,0,0,0,0,0,0,0,0,[1]
dunglas/frankenphp,francescomugnai,1,0,0,0,0,0,0,0,0,0,0,0,0,0,[1]
dunglas/frankenphp,zaherg,1,0,0,0,0,0,0,0,0,0,0,0,0,0,[1]
dunglas/frankenphp,FSElias,1,0,0,0,0,0,0,0,0,0,0,0,0,0,[1]
dunglas/frankenphp,filip-kostrzewski,1,0,0,0,0,0,0,0,0,0,0,0,0,0,[1]
dunglas/frankenphp,ValentinMerlet,1,0,0,0,0,0,0,0,0,0,0,0,0,0,[1]
dunglas/frankenphp,jutaz,1,0,0,0,0,0,0,0,0,0,0,0,0,0,[1]
dunglas/frankenphp,MahmoudNehro,1,0,0,0,0,0,0,0,0,0,0,0,0,0,[1]
dunglas/frankenphp,roberto-butti,1,0,0,0,0,0,0,0,0,0,0,0,0,0,[1]
dunglas/frankenphp,kpicaza,1,0,0,0,0,0,0,0,0,0,0,0,0,0,[1]
dunglas/frankenphp,cgroschupp,1,0,0,0,0,0,0,0,0,0,0,0,0,0,[1]
dunglas/frankenphp,Potherca,1,0,0,0,0,0,0,0,0,0,0,0,0,0,[1]
dunglas/frankenphp,migo315,1,0,0,0,0,0,0,0,0,0,0,0,0,0,[1]
dunglas/frankenphp,SeoFood,1,0,0,0,0,0,0,0,0,0,0,0,0,0,[1]
dunglas/frankenphp,vdwijngaert,1,0,0,0,0,0,0,0,0,0,0,0,0,0,[1]
dunglas/frankenphp,Margauxfeslard,1,0,0,0,0,0,0,0,0,0,0,0,0,0,[1]
dunglas/frankenphp,joecampo,1,0,0,0,0,0,0,0,0,0,0,0,0,0,[1]
dunglas/frankenphp,matyo91,1,0,0,0,0,0,0,0,0,0,0,0,0,0,[1]
dunglas/frankenphp,riasvdv,1,0,0,0,0,0,0,0,0,0,0,0,0,0,[1]
dunglas/frankenphp,publiux,1,0,0,0,0,0,0,0,0,0,0,0,0,0,[1]
dunglas/frankenphp,sz47,1,0,0,0,0,0,0,0,0,0,0,0,0,0,[1]
dunglas/frankenphp,vabileus,1,0,0,0,0,0,0,0,0,0,0,0,0,0,[1]
dunglas/frankenphp,f3l1x,1,0,0,0,0,0,0,0,0,0,0,0,0,0,[1]
dunglas/frankenphp,sietseveenman,1,0,0,0,0,0,0,0,0,0,0,0,0,0,[1]
dunglas/frankenphp,whoami15,1,0,0,0,0,0,0,0,0,0,0,0,0,0,[1]
dunglas/frankenphp,alibekissakul,1,0,0,0,0,0,0,0,0,0,0,0,0,0,[1]
dunglas/frankenphp,revenkroz,1,0,0,0,0,0,0,0,0,0,0,0,0,0,[1]
dunglas/frankenphp,VilleKoivukangas,1,0,0,0,0,0,0,0,0,0,0,0,0,0,[1]
dunglas/frankenphp,kczereczon,1,0,0,0,0,0,0,0,0,0,0,0,0,0,[1]
dunglas/frankenphp,rust17,1,0,0,0,0,0,0,0,0,0,0,0,0,0,[1]
dunglas/frankenphp,veeti,1,0,0,0,0,0,0,0,0,0,0,0,0,0,[1]
dunglas/frankenphp,Bonitas,1,0,0,0,0,0,0,0,0,0,0,0,0,0,[1]
dunglas/frankenphp,13dev,1,0,0,0,0,0,0,0,0,0,0,0,0,0,[1]
dunglas/frankenphp,nikuscs,1,0,0,0,0,0,0,0,0,0,0,0,0,0,[1]
dunglas/frankenphp,RandomOS,1,0,0,0,0,0,0,0,0,0,0,0,0,0,[1]
dunglas/frankenphp,mbardelmeijer,1,0,0,0,0,0,0,0,0,0,0,0,0,0,[1]
dunglas/frankenphp,safaksaylam,1,0,0,0,0,0,0,0,0,0,0,0,0,0,[1]
dunglas/frankenphp,Kevin-koko,1,0,0,0,0,0,0,0,0,0,0,0,0,0,[1]
dunglas/frankenphp,martinvahi,1,0,0,0,0,0,0,0,0,0,0,0,0,0,[1]
dunglas/frankenphp,elazar,1,0,0,0,0,0,0,0,0,0,0,0,0,0,[1]
dunglas/frankenphp,MagicFun1241,1,0,0,0,0,0,0,0,0,0,0,0,0,0,[1]
dunglas/frankenphp,naime-hossain,1,0,0,0,0,0,0,0,0,0,0,0,0,0,[1]
dunglas/frankenphp,smuggli,1,0,0,0,0,0,0,0,0,0,0,0,0,0,[1]
dunglas/frankenphp,waxim,1,0,0,0,0,0,0,0,0,0,0,0,0,0,[1]
dunglas/frankenphp,fachcraftim,1,0,0,0,0,0,0,0,0,0,0,0,0,0,[1]
dunglas/frankenphp,crydotsnake,1,0,0,0,0,0,0,0,0,0,0,0,0,0,[1]
dunglas/frankenphp,pbuzdin,1,0,0,0,0,0,0,0,0,0,0,0,0,0,[1]
dunglas/frankenphp,muath-ye,1,0,0,0,0,0,0,0,0,0,0,0,0,0,[1]
dunglas/frankenphp,stefanzweifel,1,0,0,0,0,0,0,0,0,0,0,0,0,0,[1]
dunglas/frankenphp,adityamenon,1,0,0,0,0,0,0,0,0,0,0,0,0,0,[1]
dunglas/frankenphp,kitro,1,0,0,0,0,0,0,0,0,0,0,0,0,0,[1]
dunglas/frankenphp,Epichris360,1,0,0,0,0,0,0,0,0,0,0,0,0,0,[1]
dunglas/frankenphp,fabriziomachado,1,0,0,0,0,0,0,0,0,0,0,0,0,0,[1]
dunglas/frankenphp,fezfez,1,0,0,0,0,0,0,0,0,0,0,0,0,0,[1]
dunglas/frankenphp,az-iar,1,0,0,0,0,0,0,0,0,0,0,0,0,0,[1]
dunglas/frankenphp,peterarien,1,0,0,0,0,0,0,0,0,0,0,0,0,0,[1]
dunglas/frankenphp,yoramdelangen,1,0,0,0,0,0,0,0,0,0,0,0,0,0,[1]
dunglas/frankenphp,nhaynes,1,0,0,0,0,0,0,0,0,0,0,0,0,0,[1]
dunglas/frankenphp,eldadfux,1,0,0,0,0,0,0,0,0,0,0,0,0,0,[1]
dunglas/frankenphp,infostreams,1,0,0,0,0,0,0,0,0,0,0,0,0,0,[1]
dunglas/frankenphp,oudommeas,1,0,0,0,0,0,0,0,0,0,0,0,0,0,[1]
dunglas/frankenphp,dejanms,1,0,0,0,0,0,0,0,0,0,0,0,0,0,[1]
dunglas/frankenphp,Lijahide,1,0,0,0,0,0,0,0,0,0,0,0,0,0,[1]
dunglas/frankenphp,telemac,1,0,0,0,0,0,0,0,0,0,0,0,0,0,[1]
dunglas/frankenphp,nikitavoloboev,1,0,0,0,0,0,0,0,0,0,0,0,0,0,[1]
dunglas/frankenphp,patrickjaja,1,0,0,0,0,0,0,0,0,0,0,0,0,0,[1]
dunglas/frankenphp,ovvesley,1,0,0,0,0,0,0,0,0,0,0,0,0,0,[1]
dunglas/frankenphp,petyots,1,0,0,0,0,0,0,0,0,0,0,0,0,0,[1]
dunglas/frankenphp,johnzuk,1,0,0,0,0,0,0,0,0,0,0,0,0,0,[1]
dunglas/frankenphp,zhangkaizhao,1,0,0,0,0,0,0,0,0,0,0,0,0,0,[1]
dunglas/frankenphp,jpetrucciani,1,0,0,0,0,0,0,0,0,0,0,0,0,0,[1]
dunglas/frankenphp,cmarincia,1,1,0,0,0,0,0,0,0,0,0,0,0,0,[2]
dunglas/frankenphp,martin221,1,0,0,0,0,0,0,0,0,0,0,0,0,0,[1]
dunglas/frankenphp,mauritskorse,1,0,0,0,0,0,0,0,0,0,0,0,0,0,[1]
dunglas/frankenphp,jaytdev,1,0,0,0,0,0,0,0,0,0,0,0,0,0,[1]
dunglas/frankenphp,crbanman,1,0,0,0,0,0,0,0,0,0,0,0,0,0,[1]
dunglas/frankenphp,badgeek,1,0,0,0,0,0,0,0,0,0,0,0,0,0,[1]
dunglas/frankenphp,stevebaros,1,0,0,0,0,0,0,0,0,0,0,0,0,0,[1]
dunglas/frankenphp,masaushi,1,0,0,0,0,0,0,0,0,0,0,0,0,0,[1]
dunglas/frankenphp,ryan-acn,2,0,0,0,0,0,0,0,0,0,0,0,0,0,[2]
dunglas/frankenphp,sing78,1,0,0,0,0,0,0,0,0,0,0,0,0,0,[1]
dunglas/frankenphp,FastFingertips,1,0,0,0,0,0,0,0,0,0,0,0,0,0,[1]
dunglas/frankenphp,taneryener,1,0,0,0,0,0,0,0,0,0,0,0,0,0,[1]
dunglas/frankenphp,kurtobando,1,0,0,0,0,0,0,0,0,0,0,0,0,0,[1]
dunglas/frankenphp,stayallive,1,0,0,0,0,0,0,0,0,0,0,0,0,0,[1]
dunglas/frankenphp,valh1996,1,0,0,0,0,0,0,0,0,0,0,0,0,0,[1]
dunglas/frankenphp,vmdumitrache,1,0,0,0,0,0,0,0,0,0,0,0,0,0,[1]
dunglas/frankenphp,Mau04,1,0,0,0,0,0,0,0,0,0,0,0,0,0,[1]
dunglas/frankenphp,remzikocak,1,0,0,0,0,0,0,0,0,0,0,0,0,0,[1]
dunglas/frankenphp,Claw256,1,0,0,0,0,0,0,0,0,0,0,0,0,0,[1]
dunglas/frankenphp,mikkokut,1,0,0,0,0,0,0,0,0,0,0,0,0,0,[1]
dunglas/frankenphp,semsphy,1,0,0,0,0,0,0,0,0,0,0,0,0,0,[1]
dunglas/frankenphp,colinodell,1,0,0,0,0,0,0,0,0,0,0,0,0,0,[1]
dunglas/frankenphp,leo108,1,0,0,0,0,0,0,0,0,0,0,0,0,0,[1]
dunglas/frankenphp,gaby,1,0,0,0,0,0,0,0,0,0,0,0,0,0,[1]
dunglas/frankenphp,IchThoth,1,0,0,0,0,0,0,0,0,0,0,0,0,0,[1]
dunglas/frankenphp,mihaitodor,1,0,0,0,0,0,0,0,0,0,0,0,0,0,[1]
dunglas/frankenphp,shark2202,1,0,0,0,0,0,0,0,0,0,0,0,0,0,[1]
dunglas/frankenphp,limgrocompany,0,1,0,0,0,0,0,0,0,0,0,0,0,0,[1]
dunglas/frankenphp,niweb21,1,0,0,0,0,0,0,0,0,0,0,0,0,0,[1]
dunglas/frankenphp,benjaminjonard,1,0,0,0,0,0,0,0,0,0,0,0,0,0,[1]
dunglas/frankenphp,forszaken,1,0,0,0,0,0,0,0,0,0,0,0,0,0,[1]
dunglas/frankenphp,michaelkorshun,1,0,0,0,0,0,0,0,0,0,0,0,0,0,[1]
dunglas/frankenphp,amirsadeghi1,1,0,0,0,0,0,0,0,0,0,0,0,0,0,[1]
dunglas/frankenphp,andrew-belac,1,0,0,0,0,0,0,0,0,0,0,0,0,0,[1]
dunglas/frankenphp,beschoenen,1,0,0,0,0,0,0,0,0,0,0,0,0,0,[1]
dunglas/frankenphp,khalidchawtany,1,0,0,0,0,0,0,0,0,0,0,0,0,0,[1]
dunglas/frankenphp,ilzrv,1,0,0,0,0,0,0,0,0,0,0,0,0,0,[1]
dunglas/frankenphp,crypto-scythe,1,0,0,0,0,0,0,0,0,0,0,0,0,0,[1]
dunglas/frankenphp,frankvanhest,1,0,0,0,0,0,0,0,0,0,0,0,0,0,[1]
dunglas/frankenphp,driftingly,1,0,0,0,0,0,0,0,0,0,0,0,0,0,[1]
dunglas/frankenphp,JaberWiki,1,1,0,0,0,0,0,0,0,0,0,0,0,0,[2]
dunglas/frankenphp,takagisou,1,0,0,0,0,0,0,0,0,0,0,0,0,0,[1]
dunglas/frankenphp,mocodo,1,0,0,0,0,0,0,0,0,0,0,0,0,0,[1]
dunglas/frankenphp,boralp,1,0,0,0,0,0,0,0,0,0,0,0,0,0,[1]
dunglas/frankenphp,PheRum,1,0,0,0,0,0,0,0,0,0,0,0,0,0,[1]
dunglas/frankenphp,zipus,1,0,0,0,0,0,0,0,0,0,0,0,0,0,[1]
dunglas/frankenphp,Xenthys,1,0,0,0,0,0,0,0,0,0,0,0,0,0,[1]
dunglas/frankenphp,isaqueveras,1,0,0,0,0,0,0,0,0,0,0,0,0,0,[1]
dunglas/frankenphp,JaredScar,1,0,0,0,0,0,0,0,0,0,0,0,0,0,[1]
dunglas/frankenphp,cmmata,1,0,0,0,0,0,0,0,0,0,0,0,0,0,[1]
dunglas/frankenphp,evaleries,1,0,0,0,0,0,0,0,0,0,0,0,0,0,[1]
dunglas/frankenphp,skoontastic,1,0,0,0,0,0,0,0,0,0,0,0,0,0,[1]
dunglas/frankenphp,clsource,1,0,0,0,0,0,0,0,0,0,0,0,0,0,[1]
dunglas/frankenphp,asuri0n,1,0,0,0,0,0,0,0,0,0,0,0,0,0,[1]
dunglas/frankenphp,dityaaa,1,0,0,0,0,0,0,0,0,0,0,0,0,0,[1]
dunglas/frankenphp,hgraca,1,0,0,0,0,0,0,0,0,0,0,0,0,0,[1]
dunglas/frankenphp,toughcookie,1,0,0,0,0,0,0,0,0,0,0,0,0,0,[1]
dunglas/frankenphp,fsidobre,1,0,0,0,0,0,0,0,0,0,0,0,0,0,[1]
dunglas/frankenphp,dbelyaeff,1,0,0,0,0,0,0,0,0,0,0,0,0,0,[1]
dunglas/frankenphp,Pierstoval,1,1,4,0,0,3,0,0,0,0,0,0,0,0,[9]
dunglas/frankenphp,denjaland,1,0,0,0,0,0,0,0,0,0,0,0,0,0,[1]
dunglas/frankenphp,sasin91,1,0,0,0,0,0,0,0,0,0,0,0,0,0,[1]
dunglas/frankenphp,bsantanad,1,0,0,0,0,0,0,0,0,0,0,0,0,0,[1]
dunglas/frankenphp,pmuens,1,0,0,0,0,0,0,0,0,0,0,0,0,0,[1]
dunglas/frankenphp,MekDrop,1,0,0,0,0,0,0,0,0,0,0,0,0,0,[1]
dunglas/frankenphp,leganz,1,0,0,0,0,0,0,0,0,0,0,0,0,0,[1]
dunglas/frankenphp,AsheK,1,0,0,0,0,0,0,0,0,0,0,0,0,0,[1]
dunglas/frankenphp,tomener,1,0,0,0,0,0,0,0,0,0,0,0,0,0,[1]
dunglas/frankenphp,geocine,1,0,0,0,0,0,0,0,0,0,0,0,0,0,[1]
dunglas/frankenphp,FrideyAlpha,1,0,0,0,0,0,0,0,0,0,0,0,0,0,[1]
dunglas/frankenphp,weusego,1,0,0,0,0,0,0,0,0,0,0,0,0,0,[1]
dunglas/frankenphp,tintnaingwin-genie,1,0,0,0,0,0,0,0,0,0,0,0,0,0,[1]
dunglas/frankenphp,maximeborges,1,0,0,0,0,0,0,0,0,0,0,0,0,0,[1]
dunglas/frankenphp,jlaswell,1,0,0,0,0,0,0,0,0,0,0,0,0,0,[1]
dunglas/frankenphp,Leechael,1,0,0,0,0,0,0,0,0,0,0,0,0,0,[1]
dunglas/frankenphp,anisurox,1,0,0,0,0,0,0,0,0,0,0,0,0,0,[1]
dunglas/frankenphp,oreillysean,1,0,0,0,0,0,0,0,0,0,0,0,0,0,[1]
dunglas/frankenphp,acelaya,1,0,0,0,0,0,0,0,0,0,0,0,0,0,[1]
dunglas/frankenphp,mnapoli,1,0,0,0,0,0,0,0,0,0,0,0,0,0,[1]
dunglas/frankenphp,AngelOD,1,0,0,0,0,0,0,0,0,0,0,0,0,0,[1]
dunglas/frankenphp,Vlaaaaaaad,1,0,0,0,0,0,0,0,0,0,0,0,0,0,[1]
dunglas/frankenphp,fedorvladimirov,1,0,0,0,0,0,0,0,0,0,0,0,0,0,[1]
dunglas/frankenphp,Sai,1,0,0,0,0,0,0,0,0,0,0,0,0,0,[1]
dunglas/frankenphp,MrGabigoo,1,0,0,0,0,0,0,0,0,0,0,0,0,0,[1]
dunglas/frankenphp,malusev998,1,0,0,0,0,0,0,0,0,0,0,0,0,0,[1]
dunglas/frankenphp,jibla,1,0,0,0,0,0,0,0,0,0,0,0,0,0,[1]
dunglas/frankenphp,zloyuser,1,0,0,0,0,0,0,0,0,0,0,0,0,0,[1]
dunglas/frankenphp,daltondiaz,1,0,0,0,0,0,0,0,0,0,0,0,0,0,[1]
dunglas/frankenphp,WyattCast44,1,0,0,0,0,0,0,0,0,0,0,0,0,0,[1]
dunglas/frankenphp,omertahaoztop,1,0,0,0,0,0,0,0,0,0,0,0,0,0,[1]
dunglas/frankenphp,Ivanshamir,1,0,0,0,0,0,0,0,0,0,0,0,0,0,[1]
dunglas/frankenphp,yondifon,1,0,0,0,0,0,0,0,0,0,0,0,0,0,[1]
dunglas/frankenphp,herbygillot,1,0,0,0,0,0,0,0,0,0,0,0,0,0,[1]
dunglas/frankenphp,vitorarantes,1,0,0,0,0,0,0,0,0,0,0,0,0,0,[1]
dunglas/frankenphp,phishy,1,0,0,0,0,0,0,0,0,0,0,0,0,0,[1]
dunglas/frankenphp,tkshnwesper,1,0,0,0,0,0,0,0,0,0,0,0,0,0,[1]
dunglas/frankenphp,busseyl,1,0,0,0,0,0,0,0,0,0,0,0,0,0,[1]
dunglas/frankenphp,kcalliauw,1,0,0,0,0,0,0,0,0,0,0,0,0,0,[1]
dunglas/frankenphp,bixou,1,0,0,0,0,0,0,0,0,0,0,0,0,0,[1]
dunglas/frankenphp,mgkprod,1,0,0,0,0,0,0,0,0,0,0,0,0,0,[1]
dunglas/frankenphp,fredmarmillod,1,0,0,0,0,0,0,0,0,0,0,0,0,0,[1]
dunglas/frankenphp,imokech,1,0,0,0,0,0,0,0,0,0,0,0,0,0,[1]
dunglas/frankenphp,devmoath,1,0,0,0,0,0,0,0,0,0,0,0,0,0,[1]
dunglas/frankenphp,vedatkamer,1,0,0,0,0,0,0,0,0,0,0,0,0,0,[1]
dunglas/frankenphp,dev-jacob-prog,1,0,0,0,0,0,0,0,0,0,0,0,0,0,[1]
dunglas/frankenphp,qtmg,1,0,0,0,0,0,0,0,0,0,0,0,0,0,[1]
dunglas/frankenphp,montchr,1,0,0,0,0,0,0,0,0,0,0,0,0,0,[1]
dunglas/frankenphp,Mantelijo,1,0,0,0,0,0,0,0,0,0,0,0,0,0,[1]
dunglas/frankenphp,hafizfurqan,1,0,0,0,0,0,0,0,0,0,0,0,0,0,[1]
dunglas/frankenphp,ahmedhegazee,1,0,0,0,0,0,0,0,0,0,0,0,0,0,[1]
dunglas/frankenphp,ss098,1,0,0,0,0,0,0,0,0,0,0,0,0,0,[1]
dunglas/frankenphp,gregurcom,1,0,0,0,0,0,0,0,0,0,0,0,0,0,[1]
dunglas/frankenphp,5baddi,1,0,0,0,0,0,0,0,0,0,0,0,0,0,[1]
dunglas/frankenphp,stickpro,1,0,0,0,0,0,0,0,0,0,0,0,0,0,[1]
dunglas/frankenphp,fehim,1,0,0,0,0,0,0,0,0,0,0,0,0,0,[1]
dunglas/frankenphp,pyrou,1,0,0,0,0,0,0,0,0,0,0,0,0,0,[1]
dunglas/frankenphp,leogopal,1,0,0,0,0,0,0,0,0,0,0,0,0,0,[1]
dunglas/frankenphp,denji,1,0,0,0,0,0,0,0,0,0,0,0,0,0,[1]
dunglas/frankenphp,pennycoders,1,0,0,0,0,0,0,0,0,0,0,0,0,0,[1]
dunglas/frankenphp,tooolbox,1,0,0,0,0,0,0,0,0,0,0,0,0,0,[1]
dunglas/frankenphp,eyedeekay,1,0,0,0,0,0,0,0,0,0,0,0,0,0,[1]
dunglas/frankenphp,cxlblm,1,0,0,0,0,0,0,0,0,0,0,0,0,0,[1]
dunglas/frankenphp,jimeh,1,0,0,0,0,0,0,0,0,0,0,0,0,0,[1]
dunglas/frankenphp,pushpak,1,0,0,0,0,0,0,0,0,0,0,0,0,0,[1]
dunglas/frankenphp,huangdijia,1,0,0,0,0,0,0,0,0,0,0,0,0,0,[1]
dunglas/frankenphp,chenwaichung,1,0,0,0,0,0,0,0,0,0,0,0,0,0,[1]
dunglas/frankenphp,pcho,1,0,0,0,0,0,0,0,0,0,0,0,0,0,[1]
dunglas/frankenphp,ardityawahyu,1,0,0,0,0,0,0,0,0,0,0,0,0,0,[1]
dunglas/frankenphp,ramimassoud,1,0,0,0,0,0,0,0,0,0,0,0,0,0,[1]
dunglas/frankenphp,JakeMakesStuff,1,0,0,0,0,0,0,0,0,0,0,0,0,0,[1]
dunglas/frankenphp,thinkverse,1,0,0,0,0,0,0,0,0,0,0,0,0,0,[1]
dunglas/frankenphp,ssgitss45,1,0,0,0,0,0,0,0,0,0,0,0,0,0,[1]
dunglas/frankenphp,iKirby,1,0,0,0,0,0,0,0,0,0,0,0,0,0,[1]
dunglas/frankenphp,faizalmansor,1,0,0,0,0,0,0,0,0,0,0,0,0,0,[1]
dunglas/frankenphp,ekhaled,1,0,0,0,0,0,0,0,0,0,0,0,0,0,[1]
dunglas/frankenphp,mikehotel,1,0,0,0,0,0,0,0,0,0,0,0,0,0,[1]
dunglas/frankenphp,vishalthorat95,1,0,0,0,0,0,0,0,0,0,0,0,0,0,[1]
dunglas/frankenphp,jamescarlos,1,0,0,0,0,0,0,0,0,0,0,0,0,0,[1]
dunglas/frankenphp,dausruddin,1,0,0,0,0,0,0,0,0,0,0,0,0,0,[1]
dunglas/frankenphp,braswelljr,1,0,0,0,0,0,0,0,0,0,0,0,0,0,[1]
dunglas/frankenphp,versusbassz,1,0,0,0,0,0,0,0,0,0,0,0,0,0,[1]
dunglas/frankenphp,pagbrl,1,0,0,0,0,0,0,0,0,0,0,0,0,0,[1]
dunglas/frankenphp,jedi-pl,1,0,0,0,0,0,0,0,0,0,0,0,0,0,[1]
dunglas/frankenphp,jdecool,1,0,0,0,0,0,0,0,0,0,0,0,0,0,[1]
dunglas/frankenphp,chapdel,1,0,0,0,0,0,0,0,0,0,0,0,0,0,[1]
dunglas/frankenphp,andrewssobral,1,0,0,0,0,0,0,0,0,0,0,0,0,0,[1]
dunglas/frankenphp,johnnyMick,1,0,0,0,0,0,0,0,0,0,0,0,0,0,[1]
dunglas/frankenphp,judgedim,1,0,0,0,0,0,0,0,0,0,0,0,0,0,[1]
dunglas/frankenphp,raymondjavaxx,1,0,0,0,0,0,0,0,0,0,0,0,0,0,[1]
dunglas/frankenphp,0x6d6c,1,0,0,0,0,0,0,0,0,0,0,0,0,0,[1]
dunglas/frankenphp,JohannesM,1,0,0,0,0,0,0,0,0,0,0,0,0,0,[1]
dunglas/frankenphp,DeGraciaMathieu,1,0,0,0,0,0,0,0,0,0,0,0,0,0,[1]
dunglas/frankenphp,Horttcore,1,0,0,0,0,0,0,0,0,0,0,0,0,0,[1]
dunglas/frankenphp,smelesh,1,0,0,0,0,0,0,0,0,0,0,0,0,0,[1]
dunglas/frankenphp,dannote,1,0,0,0,0,0,0,0,0,0,0,0,0,0,[1]
dunglas/frankenphp,dadwic,1,0,0,0,0,0,0,0,0,0,0,0,0,0,[1]
dunglas/frankenphp,irazasyed,1,0,0,0,0,0,0,0,0,0,0,0,0,0,[1]
dunglas/frankenphp,WAmadeus,1,0,0,0,0,0,0,0,0,0,0,0,0,0,[1]
dunglas/frankenphp,juse-less,1,0,0,0,0,0,0,0,0,0,0,0,0,0,[1]
dunglas/frankenphp,cbusoi,1,0,0,0,0,0,0,0,0,0,0,0,0,0,[1]
dunglas/frankenphp,Bolozov,1,0,0,0,0,0,0,0,0,0,0,0,0,0,[1]
dunglas/frankenphp,pfigz,1,0,0,0,0,0,0,0,0,0,0,0,0,0,[1]
dunglas/frankenphp,partenit,1,0,0,0,0,0,0,0,0,0,0,0,0,0,[1]
dunglas/frankenphp,xiCO2k,1,0,0,0,0,0,0,0,0,0,0,0,0,0,[1]
dunglas/frankenphp,ZHB,1,0,0,0,0,0,0,0,0,0,0,0,0,0,[1]
dunglas/frankenphp,oqq,1,0,0,0,0,0,0,0,0,0,0,0,0,0,[1]
dunglas/frankenphp,sphr2k,1,0,0,0,0,0,0,0,0,0,0,0,0,0,[1]
dunglas/frankenphp,shahwan42,1,0,0,0,0,0,0,0,0,0,0,0,0,0,[1]
dunglas/frankenphp,lucpierre,1,0,0,0,0,0,0,0,0,0,0,0,0,0,[1]
dunglas/frankenphp,Faares,1,0,0,0,0,0,0,0,0,0,0,0,0,0,[1]
dunglas/frankenphp,RadnoK,1,0,0,0,0,0,0,0,0,0,0,0,0,0,[1]
dunglas/frankenphp,gabriellopesmarques,1,0,0,0,0,0,0,0,0,0,0,0,0,0,[1]
dunglas/frankenphp,Dauliac,1,0,0,0,0,0,0,0,0,0,0,0,0,0,[1]
dunglas/frankenphp,MichDe,1,0,0,0,0,0,0,0,0,0,0,0,0,0,[1]
dunglas/frankenphp,DanSilva41,1,0,0,0,0,0,0,0,0,0,0,0,0,0,[1]
dunglas/frankenphp,ShindouMihou,1,0,0,0,0,0,0,0,0,0,0,0,0,0,[1]
dunglas/frankenphp,ClaudioEyzaguirre,1,0,0,0,0,0,0,0,0,0,0,0,0,0,[1]
dunglas/frankenphp,WinstonFassett,1,0,0,0,0,0,0,0,0,0,0,0,0,0,[1]
dunglas/frankenphp,matovu-ronald,1,0,0,0,0,0,0,0,0,0,0,0,0,0,[1]
dunglas/frankenphp,osmanzeki,1,0,0,0,0,0,0,0,0,0,0,0,0,0,[1]
dunglas/frankenphp,cdsaenz,1,0,0,0,0,0,0,0,0,0,0,0,0,0,[1]
dunglas/frankenphp,ma-hartma,1,0,0,0,0,0,0,0,0,0,0,0,0,0,[1]
dunglas/frankenphp,bokwoon95,1,0,0,0,0,0,0,0,0,0,0,0,0,0,[1]
dunglas/frankenphp,mzarhou,1,0,0,0,0,0,0,0,0,0,0,0,0,0,[1]
dunglas/frankenphp,eliot-akira,1,0,0,0,0,0,0,0,0,0,0,0,0,0,[1]
dunglas/frankenphp,otezz,1,0,0,0,0,0,0,0,0,0,0,0,0,0,[1]
dunglas/frankenphp,veloxy,1,0,0,0,0,0,0,0,0,0,0,0,0,0,[1]
dunglas/frankenphp,ster,1,0,0,0,0,0,0,0,0,0,0,0,0,0,[1]
dunglas/frankenphp,nodesiremonk,1,0,0,0,0,0,0,0,0,0,0,0,0,0,[1]
dunglas/frankenphp,bhuvidya,1,0,0,0,0,0,0,0,0,0,0,0,0,0,[1]
dunglas/frankenphp,tylersriver,1,0,0,0,0,0,0,0,0,0,0,0,0,0,[1]
dunglas/frankenphp,SudoGetBeer,1,0,0,0,0,0,0,0,0,0,0,0,0,0,[1]
dunglas/frankenphp,vinicio,1,0,0,0,0,0,0,0,0,0,0,0,0,0,[1]
dunglas/frankenphp,davorminchorov,1,0,0,0,0,0,0,0,0,0,0,0,0,0,[1]
dunglas/frankenphp,bakerkretzmar,1,0,0,0,0,0,0,0,0,0,0,0,0,0,[1]
dunglas/frankenphp,karsasmus,1,0,0,0,0,0,0,0,0,0,0,0,0,0,[1]
dunglas/frankenphp,bransorem,1,0,0,0,0,0,0,0,0,0,0,0,0,0,[1]
dunglas/frankenphp,dantes4ur,1,0,0,0,0,0,0,0,0,0,0,0,0,0,[1]
dunglas/frankenphp,warrickbayman,1,0,0,0,0,0,0,0,0,0,0,0,0,0,[1]
dunglas/frankenphp,ditsuke,1,0,0,0,0,0,0,0,0,0,0,0,0,0,[1]
dunglas/frankenphp,yorci,1,0,0,0,0,0,0,0,0,0,0,0,0,0,[1]
dunglas/frankenphp,b1rdex,1,0,0,0,0,0,0,0,0,0,0,0,0,0,[1]
dunglas/frankenphp,electroponix,1,0,0,0,0,0,0,0,0,0,0,0,0,0,[1]
dunglas/frankenphp,sarfraznawaz2005,1,0,0,0,0,0,0,0,0,0,0,0,0,0,[1]
dunglas/frankenphp,monad-one,0,1,0,0,0,0,0,0,0,0,0,0,0,0,[1]
dunglas/frankenphp,acfatah,1,0,0,0,0,0,0,0,0,0,0,0,0,0,[1]
dunglas/frankenphp,riffus,1,0,0,0,0,0,0,0,0,0,0,0,0,0,[1]
dunglas/frankenphp,MinChanSike,1,0,0,0,0,0,0,0,0,0,0,0,0,0,[1]
dunglas/frankenphp,sponnusa,1,0,0,0,0,0,0,0,0,0,0,0,0,0,[1]
dunglas/frankenphp,theCoderCat,1,0,0,0,0,0,0,0,0,0,0,0,0,0,[1]
dunglas/frankenphp,voku,1,0,0,0,0,0,0,0,0,0,0,0,0,0,[1]
dunglas/frankenphp,neophiliac,1,0,0,0,0,0,0,0,0,0,0,0,0,0,[1]
dunglas/frankenphp,thomdlee,1,0,0,0,0,0,0,0,0,0,0,0,0,0,[1]
dunglas/frankenphp,willard,1,0,0,0,0,0,0,0,0,0,0,0,0,0,[1]
dunglas/frankenphp,reifocS,1,0,0,0,0,0,0,0,0,0,0,0,0,0,[1]
dunglas/frankenphp,amaulana8,1,0,0,0,0,0,0,0,0,0,0,0,0,0,[1]
dunglas/frankenphp,BobyMCbobs,1,0,0,0,0,0,0,0,0,0,0,0,0,0,[1]
dunglas/frankenphp,knivey,1,0,0,0,0,0,0,0,0,0,0,0,0,0,[1]
dunglas/frankenphp,nikolaydubina,1,0,0,0,0,0,0,0,0,0,0,0,0,0,[1]
dunglas/frankenphp,thlassche,1,0,0,0,0,0,0,0,0,0,0,0,0,0,[1]
dunglas/frankenphp,WillBeebe,1,0,0,0,0,0,0,0,0,0,0,0,0,0,[1]
dunglas/frankenphp,Rantignac,1,0,0,0,0,0,0,0,0,0,0,0,0,0,[1]
dunglas/frankenphp,danielesk,1,0,0,0,0,0,0,0,0,0,0,0,0,0,[1]
dunglas/frankenphp,michalsn,1,0,0,0,0,0,0,0,0,0,0,0,0,0,[1]
dunglas/frankenphp,blackstorm,1,0,0,0,0,0,0,0,0,0,0,0,0,0,[1]
dunglas/frankenphp,aschmelyun,1,0,0,0,0,0,0,0,0,0,0,0,0,0,[1]
dunglas/frankenphp,apspan,1,0,0,0,0,0,0,0,0,0,0,0,0,0,[1]
dunglas/frankenphp,freehzw,1,0,0,0,0,0,0,0,0,0,0,0,0,0,[1]
dunglas/frankenphp,hmazter,1,0,0,0,0,0,0,0,0,0,0,0,0,0,[1]
dunglas/frankenphp,hunteryun,1,0,0,0,0,0,0,0,0,0,0,0,0,0,[1]
dunglas/frankenphp,rslhdyt,1,0,0,0,0,0,0,0,0,0,0,0,0,0,[1]
dunglas/frankenphp,Pasukaru1996,1,0,0,0,0,0,0,0,0,0,0,0,0,0,[1]
dunglas/frankenphp,alidamji,1,0,0,0,0,0,0,0,0,0,0,0,0,0,[1]
dunglas/frankenphp,totoche65,1,0,0,0,0,0,0,0,0,0,0,0,0,0,[1]
dunglas/frankenphp,verfriemelt-dot-org,1,0,0,0,0,0,0,0,0,0,0,0,0,0,[1]
dunglas/frankenphp,anicolaides,1,0,0,0,0,0,0,0,0,0,0,0,0,0,[1]
dunglas/frankenphp,iamahless,1,0,0,0,0,0,0,0,0,0,0,0,0,0,[1]
dunglas/frankenphp,TrafeX,1,0,0,0,0,0,0,0,0,0,0,0,0,0,[1]
dunglas/frankenphp,ahmadmmughal,1,0,0,0,0,0,0,0,0,0,0,0,0,0,[1]
dunglas/frankenphp,owenconti,1,0,0,0,0,0,0,0,0,0,0,0,0,0,[1]
dunglas/frankenphp,loulou2852,1,0,0,0,0,0,0,0,0,0,0,0,0,0,[1]
dunglas/frankenphp,romm,1,0,0,0,0,0,0,0,0,0,0,0,0,0,[1]
dunglas/frankenphp,fischikovski,1,0,0,0,0,0,0,0,0,0,0,0,0,0,[1]
dunglas/frankenphp,Awilum,1,0,0,0,0,0,0,0,0,0,0,0,0,0,[1]
dunglas/frankenphp,porty,1,0,0,0,0,0,0,0,0,0,0,0,0,0,[1]
dunglas/frankenphp,skamensky,1,0,0,0,0,0,0,0,0,0,0,0,0,0,[1]
dunglas/frankenphp,dattapw,1,0,0,0,0,0,0,0,0,0,0,0,0,0,[1]
dunglas/frankenphp,asebert-caue,1,0,0,0,0,0,0,0,0,0,0,0,0,0,[1]
dunglas/frankenphp,Anyqax,1,0,0,0,0,0,0,0,0,0,0,0,0,0,[1]
dunglas/frankenphp,rasitapalak,1,0,0,0,0,0,0,0,0,0,0,0,0,0,[1]
dunglas/frankenphp,elldritch,1,0,0,0,0,0,0,0,0,0,0,0,0,0,[1]
dunglas/frankenphp,ealecho,1,0,0,0,0,0,0,0,0,0,0,0,0,0,[1]
dunglas/frankenphp,torbenbr,1,0,0,0,0,0,0,0,0,0,0,0,0,0,[1]
dunglas/frankenphp,Lassi-Koykka,1,0,0,0,0,0,0,0,0,0,0,0,0,0,[1]
dunglas/frankenphp,Hasnayeen,1,0,0,0,0,0,0,0,0,0,0,0,0,0,[1]
dunglas/frankenphp,aarizkuren,1,0,0,0,0,0,0,0,0,0,0,0,0,0,[1]
dunglas/frankenphp,sebastianheuer,1,0,0,0,0,0,0,0,0,0,0,0,0,0,[1]
dunglas/frankenphp,bboerendans,1,0,0,0,0,0,0,0,0,0,0,0,0,0,[1]
dunglas/frankenphp,longsleep,1,0,0,0,0,0,0,0,0,0,0,0,0,0,[1]
dunglas/frankenphp,tomaszhanc,1,0,0,0,0,0,0,0,0,0,0,0,0,0,[1]
dunglas/frankenphp,josecl,1,0,0,0,0,0,0,0,0,0,0,0,0,0,[1]
dunglas/frankenphp,julianjupiter,1,0,0,0,0,0,0,0,0,0,0,0,0,0,[1]
dunglas/frankenphp,philippgerard,1,0,0,0,0,0,0,0,0,0,0,0,0,0,[1]
dunglas/frankenphp,tbreuss,1,0,0,0,0,0,0,0,0,0,0,0,0,0,[1]
dunglas/frankenphp,tonivj5,1,0,0,0,0,0,0,0,0,0,0,0,0,0,[1]
dunglas/frankenphp,tholu,1,0,0,0,0,0,0,0,0,0,0,0,0,0,[1]
dunglas/frankenphp,wrightrocket,0,1,0,0,0,0,0,0,0,0,0,0,0,0,[1]
dunglas/frankenphp,mwesten,1,0,0,0,0,0,0,0,0,0,0,0,0,0,[1]
dunglas/frankenphp,marco-acorte,1,0,0,0,0,0,0,0,0,0,0,0,0,0,[1]
dunglas/frankenphp,kanjiroushi,1,0,0,0,0,0,0,0,0,0,0,0,0,0,[1]
dunglas/frankenphp,ibnumalik,1,0,0,0,0,0,0,0,0,0,0,0,0,0,[1]
dunglas/frankenphp,kewishfagoe,1,0,0,0,0,0,0,0,0,0,0,0,0,0,[1]
dunglas/frankenphp,Aminou,1,0,0,0,0,0,0,0,0,0,0,0,0,0,[1]
dunglas/frankenphp,go0hum,1,1,0,0,0,0,0,0,0,0,0,0,0,0,[2]
dunglas/frankenphp,renanbr,1,0,0,0,0,0,0,0,0,0,0,0,0,0,[1]
dunglas/frankenphp,Mult1Hunter,1,0,0,0,0,0,0,0,0,0,0,0,0,0,[1]
dunglas/frankenphp,alirezamirsepassi,1,0,0,0,0,0,0,0,0,0,0,0,0,0,[1]
dunglas/frankenphp,softius,1,0,0,0,0,0,0,0,0,0,0,0,0,0,[1]
dunglas/frankenphp,Gertiozuni,1,0,0,0,0,0,0,0,0,0,0,0,0,0,[1]
dunglas/frankenphp,ItsAMirko,1,0,0,0,0,0,0,0,0,0,0,0,0,0,[1]
dunglas/frankenphp,chapterjason,1,0,0,0,0,0,0,0,0,0,0,0,0,0,[1]
dunglas/frankenphp,Salim-M,1,0,0,0,0,0,0,0,0,0,0,0,0,0,[1]
dunglas/frankenphp,ishanvyas22,1,0,0,0,0,0,0,0,0,0,0,0,0,0,[1]
dunglas/frankenphp,sinnbeck,1,0,0,0,0,0,0,0,0,0,0,0,0,0,[1]
dunglas/frankenphp,MKCG,1,0,0,0,0,0,0,0,0,0,0,0,0,0,[1]
dunglas/frankenphp,Gavrisimo,1,0,0,0,0,0,0,0,0,0,0,0,0,0,[1]
dunglas/frankenphp,chok,1,0,0,0,0,0,0,0,0,0,0,0,0,0,[1]
dunglas/frankenphp,yangyiyi,1,0,0,0,0,0,0,0,0,0,0,0,0,0,[1]
dunglas/frankenphp,captnCC,1,0,0,0,0,0,0,0,0,0,0,0,0,0,[1]
dunglas/frankenphp,acirulis,1,0,0,0,0,0,0,0,0,0,0,0,0,0,[1]
dunglas/frankenphp,ibakirov,1,0,0,0,0,0,0,0,0,0,0,0,0,0,[1]
dunglas/frankenphp,Flatroy,1,0,0,0,0,0,0,0,0,0,0,0,0,0,[1]
dunglas/frankenphp,LeRoyJulian,1,0,0,0,0,0,0,0,0,0,0,0,0,0,[1]
dunglas/frankenphp,UnclePhil,1,0,0,0,0,0,0,0,0,0,0,0,0,0,[1]
dunglas/frankenphp,mwierzbi,1,0,0,0,0,0,0,0,0,0,0,0,0,0,[1]
dunglas/frankenphp,abedcodecom,1,0,0,0,0,0,0,0,0,0,0,0,0,0,[1]
dunglas/frankenphp,BeyerJC,1,0,0,0,0,0,0,0,0,0,0,0,0,0,[1]
dunglas/frankenphp,wernerdweight,1,0,0,0,0,0,0,0,0,0,0,0,0,0,[1]
dunglas/frankenphp,minuux,1,0,0,0,0,0,0,0,0,0,0,0,0,0,[1]
dunglas/frankenphp,thedeadofblackfire,1,0,0,0,0,0,0,0,0,0,0,0,0,0,[1]
dunglas/frankenphp,sulemaanhamza,1,0,0,0,0,0,0,0,0,0,0,0,0,0,[1]
dunglas/frankenphp,nfsc-tommy,1,0,0,0,0,0,0,0,0,0,0,0,0,0,[1]
dunglas/frankenphp,besfortoruci,1,0,0,0,0,0,0,0,0,0,0,0,0,0,[1]
dunglas/frankenphp,dirien,1,0,0,0,0,0,0,0,0,0,0,0,0,0,[1]
dunglas/frankenphp,mback2k,1,0,0,0,0,0,0,0,0,0,0,0,0,0,[1]
dunglas/frankenphp,Deuchnord,1,0,0,0,0,0,0,0,0,0,0,0,0,0,[1]
dunglas/frankenphp,Gummibeer,1,0,0,0,0,0,0,0,0,0,0,0,0,0,[1]
dunglas/frankenphp,rahulhaque,1,0,0,0,0,0,0,0,0,0,0,0,0,0,[1]
dunglas/frankenphp,mmorton,1,0,0,0,0,0,0,0,0,0,0,0,0,0,[1]
dunglas/frankenphp,maxbeckers,1,0,0,0,0,0,0,0,0,0,0,0,0,0,[1]
dunglas/frankenphp,themitchnz,1,0,0,0,0,0,0,0,0,0,0,0,0,0,[1]
dunglas/frankenphp,javiereguiluz,1,1,0,0,0,1,0,0,0,0,0,0,0,0,[3]
dunglas/frankenphp,indigoram89,1,0,0,0,0,0,0,0,0,0,0,0,0,0,[1]
dunglas/frankenphp,etiennefischer,1,0,0,0,0,0,0,0,0,0,0,0,0,0,[1]
dunglas/frankenphp,thekoma,1,0,0,0,0,0,0,0,0,0,0,0,0,0,[1]
dunglas/frankenphp,themsaid,1,0,0,0,0,0,0,0,0,0,0,0,0,0,[1]
dunglas/frankenphp,williamdes,1,0,0,0,0,0,0,0,0,0,0,0,0,0,[1]
dunglas/frankenphp,chetannn,1,0,0,0,0,0,0,0,0,0,0,0,0,0,[1]
dunglas/frankenphp,rezaghz,1,0,0,0,0,0,0,0,0,0,0,0,0,0,[1]
dunglas/frankenphp,molivier,1,0,0,0,0,0,0,0,0,0,0,0,0,0,[1]
dunglas/frankenphp,bramcordie,1,0,0,0,0,0,0,0,0,0,0,0,0,0,[1]
dunglas/frankenphp,Faresjlidi,1,0,0,0,0,0,0,0,0,0,0,0,0,0,[1]
dunglas/frankenphp,yusufusta,1,0,0,0,0,0,0,0,0,0,0,0,0,0,[1]
dunglas/frankenphp,dd10-e,1,0,0,0,0,0,0,0,0,0,0,0,0,0,[1]
dunglas/frankenphp,usox,1,0,0,0,0,0,0,0,0,0,0,0,0,0,[1]
dunglas/frankenphp,yivi,1,0,0,0,0,0,0,0,0,0,0,0,0,0,[1]
dunglas/frankenphp,acolden,1,0,0,0,0,0,0,0,0,0,0,0,0,0,[1]
dunglas/frankenphp,trungx,1,0,0,0,0,0,0,0,0,0,0,0,0,0,[1]
dunglas/frankenphp,darkhucx,1,0,0,0,0,0,0,0,0,0,0,0,0,0,[1]
dunglas/frankenphp,sebheitzmann,1,0,0,0,0,0,0,0,0,0,0,0,0,0,[1]
dunglas/frankenphp,althaus,1,0,0,0,0,0,0,0,0,0,0,0,0,0,[1]
dunglas/frankenphp,holtwick,1,0,0,0,0,0,0,0,0,0,0,0,0,0,[1]
dunglas/frankenphp,Te4g,1,0,0,0,0,0,0,0,0,0,0,0,0,0,[1]
dunglas/frankenphp,lukalocniskar,1,0,0,0,0,0,0,0,0,0,0,0,0,0,[1]
dunglas/frankenphp,cdbschr,1,0,0,0,0,0,0,0,0,0,0,0,0,0,[1]
dunglas/frankenphp,chokri,1,0,0,0,0,0,0,0,0,0,0,0,0,0,[1]
dunglas/frankenphp,AkioSarkiz,1,0,0,0,0,0,0,0,0,0,0,0,0,0,[1]
dunglas/frankenphp,craftamap,1,0,0,0,0,0,0,0,0,0,0,0,0,0,[1]
dunglas/frankenphp,bogdaniel,1,0,0,0,0,0,0,0,0,0,0,0,0,0,[1]
dunglas/frankenphp,tortuetorche,1,0,0,0,0,0,0,0,0,0,0,0,0,0,[1]
dunglas/frankenphp,baijunyao,1,0,0,0,0,0,0,0,0,0,0,0,0,0,[1]
dunglas/frankenphp,Terrorboy,1,0,0,0,0,0,0,0,0,0,0,0,0,0,[1]
dunglas/frankenphp,paramonovav,1,0,0,0,0,0,0,0,0,0,0,0,0,0,[1]
dunglas/frankenphp,radutopala,1,0,0,0,0,0,0,0,0,0,0,0,0,0,[1]
dunglas/frankenphp,johnefemer,1,0,0,0,0,0,0,0,0,0,0,0,0,0,[1]
dunglas/frankenphp,kristiandwi,1,0,0,0,0,0,0,0,0,0,0,0,0,0,[1]
