nlpxucan/WizardLM,namchuai,1,0,0,0,0,0,0,0,0,0,0,0,0,0,[1]
nlpxucan/WizardLM,lyj96,1,0,0,0,0,0,0,0,0,0,0,0,0,0,[1]
nlpxucan/WizardLM,wilhelmjung,1,0,0,0,0,0,0,0,0,0,0,0,0,0,[1]
nlpxucan/WizardLM,cloud11665,1,0,0,0,0,0,0,0,0,0,0,0,0,0,[1]
nlpxucan/WizardLM,decodr-ca,1,0,0,0,0,0,0,0,0,0,0,0,0,0,[1]
nlpxucan/WizardLM,rs-georg,1,0,0,0,0,0,0,0,0,0,0,0,0,0,[1]
nlpxucan/WizardLM,byjang0810,1,0,0,0,0,0,0,0,0,0,0,0,0,0,[1]
nlpxucan/WizardLM,sm-heard,1,0,0,0,0,0,0,0,0,0,0,0,0,0,[1]
nlpxucan/WizardLM,tangxinvc,1,0,0,0,0,0,0,0,0,0,0,0,0,0,[1]
nlpxucan/WizardLM,teaguexiao,1,0,0,0,0,0,0,0,0,0,0,0,0,0,[1]
nlpxucan/WizardLM,JerryCauser,1,0,0,0,0,0,0,0,0,0,0,0,0,0,[1]
nlpxucan/WizardLM,alpharave9,1,0,0,0,0,0,0,0,0,0,0,0,0,0,[1]
nlpxucan/WizardLM,zhaoxlpku,1,0,0,0,0,0,0,0,0,0,0,0,0,0,[1]
nlpxucan/WizardLM,oryanmoshe,1,0,0,0,0,0,0,0,0,0,0,0,0,0,[1]
nlpxucan/WizardLM,BaiMiao,1,0,0,0,0,0,0,0,0,0,0,0,0,0,[1]
nlpxucan/WizardLM,dgomesreal,1,0,0,0,0,0,0,0,0,0,0,0,0,0,[1]
nlpxucan/WizardLM,Rishiguin,1,0,0,0,0,0,0,0,0,0,0,0,0,0,[1]
nlpxucan/WizardLM,olivermontes,1,0,0,0,0,0,0,0,0,0,0,0,0,0,[1]
nlpxucan/WizardLM,cgranier,1,0,0,0,0,0,0,0,0,0,0,0,0,0,[1]
nlpxucan/WizardLM,realkot,1,0,0,0,0,0,0,0,0,0,0,0,0,0,[1]
nlpxucan/WizardLM,lpotepa,1,0,0,0,0,0,0,0,0,0,0,0,0,0,[1]
nlpxucan/WizardLM,mlv-dev,1,0,0,0,0,0,0,0,0,0,0,0,0,0,[1]
nlpxucan/WizardLM,jn2clark,1,0,0,0,0,0,0,0,0,0,0,0,0,0,[1]
nlpxucan/WizardLM,argenisleon,1,0,0,0,0,0,0,0,0,0,0,0,0,0,[1]
nlpxucan/WizardLM,brianbeale,1,0,0,0,0,0,0,0,0,0,0,0,0,0,[1]
nlpxucan/WizardLM,TheoKlein,1,0,0,0,0,0,0,0,0,0,0,0,0,0,[1]
nlpxucan/WizardLM,Sanster,1,0,0,0,0,0,0,0,0,0,0,0,0,0,[1]
nlpxucan/WizardLM,prashobh07,0,0,0,1,0,0,0,0,0,0,0,0,0,0,[1]
nlpxucan/WizardLM,RFTFT,1,0,0,0,0,0,0,0,0,0,0,0,0,0,[1]
nlpxucan/WizardLM,victorsungo,0,0,0,0,15,3,0,0,0,0,0,0,0,0,[18]
nlpxucan/WizardLM,epinnock,0,1,0,0,0,0,0,0,0,0,0,0,0,0,[1]
nlpxucan/WizardLM,takeyamayuki,1,0,0,0,0,0,0,0,0,0,0,0,0,0,[1]
nlpxucan/WizardLM,Adam6317,1,0,0,0,0,0,0,0,0,0,0,0,0,0,[1]
nlpxucan/WizardLM,HikaruTao,1,0,0,0,0,0,0,0,0,0,0,0,0,0,[1]
nlpxucan/WizardLM,Pseudopode,1,0,0,0,0,0,0,0,0,0,0,0,0,0,[1]
nlpxucan/WizardLM,mimentorous,1,0,0,0,0,0,0,0,0,0,0,0,0,0,[1]
nlpxucan/WizardLM,nlpxucan,0,0,0,0,35,8,0,0,0,0,0,0,0,0,[43]
nlpxucan/WizardLM,backnotprop,1,0,0,0,0,0,0,0,0,0,0,0,0,0,[1]
nlpxucan/WizardLM,nbroad1881,1,0,0,0,0,0,0,0,0,0,0,0,0,0,[1]
nlpxucan/WizardLM,mindrages,1,1,0,0,0,0,0,0,0,0,0,0,0,0,[2]
nlpxucan/WizardLM,stewarthu,1,0,0,0,0,0,0,0,0,0,0,0,0,0,[1]
nlpxucan/WizardLM,luciencho,1,0,0,0,0,0,0,0,0,0,0,0,0,0,[1]
nlpxucan/WizardLM,hhy5277,0,1,0,0,0,0,0,0,0,0,0,0,0,0,[1]
nlpxucan/WizardLM,tnguyen21,1,0,0,0,0,0,0,0,0,0,0,0,0,0,[1]
nlpxucan/WizardLM,Dicer-Zz,1,0,0,0,0,0,0,0,0,0,0,0,0,0,[1]
nlpxucan/WizardLM,karlkallas,1,0,0,0,0,0,0,0,0,0,0,0,0,0,[1]
nlpxucan/WizardLM,pandranki-skytv,1,0,0,0,0,0,0,0,0,0,0,0,0,0,[1]
nlpxucan/WizardLM,xmeta,1,0,0,0,0,0,0,0,0,0,0,0,0,0,[1]
nlpxucan/WizardLM,tw2818,1,0,0,0,0,0,0,0,0,0,0,0,0,0,[1]
nlpxucan/WizardLM,Ludacon,1,0,0,0,0,0,0,0,0,0,0,0,0,0,[1]
nlpxucan/WizardLM,kunato,1,0,0,0,0,0,0,0,0,0,0,0,0,0,[1]
nlpxucan/WizardLM,rahul1906,1,0,0,0,0,0,0,0,0,0,0,0,0,0,[1]
nlpxucan/WizardLM,mrhadenough,1,0,0,0,0,0,0,0,0,0,0,0,0,0,[1]
nlpxucan/WizardLM,Ophuscado,1,0,0,0,0,0,0,0,0,0,0,0,0,0,[1]
nlpxucan/WizardLM,vivounicorn,1,0,0,0,0,0,0,0,0,0,0,0,0,0,[1]
nlpxucan/WizardLM,Mrfranken,0,0,0,1,0,0,0,0,0,0,0,0,0,0,[1]
nlpxucan/WizardLM,Systemcluster,1,0,0,0,0,0,0,0,0,0,0,0,0,0,[1]
nlpxucan/WizardLM,lllfx,1,0,0,0,0,0,0,0,0,0,0,0,0,0,[1]
nlpxucan/WizardLM,odellus,1,0,0,0,0,0,0,0,0,0,0,0,0,0,[1]
nlpxucan/WizardLM,kriskaminski,1,0,0,0,0,0,0,0,0,0,0,0,0,0,[1]
nlpxucan/WizardLM,d00medman,1,0,0,0,0,0,0,0,0,0,0,0,0,0,[1]
nlpxucan/WizardLM,panx27,1,0,0,0,0,0,0,0,0,0,0,0,0,0,[1]
nlpxucan/WizardLM,Aniexiety,1,0,0,0,0,0,0,0,0,0,0,0,0,0,[1]
nlpxucan/WizardLM,leigh-johnson,1,0,0,0,0,0,0,0,0,0,0,0,0,0,[1]
nlpxucan/WizardLM,maskx,1,0,0,0,0,0,0,0,0,0,0,0,0,0,[1]
nlpxucan/WizardLM,bowenroom,1,0,0,0,0,0,0,0,0,0,0,0,0,0,[1]
nlpxucan/WizardLM,chongyangtao,1,0,0,0,0,0,0,0,0,0,0,0,0,0,[1]
nlpxucan/WizardLM,Cong-Gao,1,0,0,0,0,0,0,0,0,0,0,0,0,0,[1]
nlpxucan/WizardLM,mariokano,1,0,0,0,0,0,0,0,0,0,0,0,0,0,[1]
nlpxucan/WizardLM,segmond,0,1,0,0,0,0,0,0,0,0,0,0,0,0,[1]
nlpxucan/WizardLM,OmPrasad93,1,0,0,0,0,0,0,0,0,0,0,0,0,0,[1]
nlpxucan/WizardLM,clvv,1,0,0,0,0,0,0,0,0,0,0,0,0,0,[1]
nlpxucan/WizardLM,rishsriv,1,0,0,0,0,0,0,0,0,0,0,0,0,0,[1]
nlpxucan/WizardLM,lijun20,1,0,0,0,0,0,0,0,0,0,0,0,0,0,[1]
nlpxucan/WizardLM,seonglae,1,0,0,0,0,0,0,0,0,0,0,0,0,0,[1]
nlpxucan/WizardLM,Alpslee,1,0,0,0,0,0,0,0,0,0,0,0,0,0,[1]
nlpxucan/WizardLM,madhavatreplit,1,0,0,0,0,0,0,0,0,0,0,0,0,0,[1]
nlpxucan/WizardLM,li-zihang,1,0,0,0,0,0,0,0,0,0,0,0,0,0,[1]
nlpxucan/WizardLM,sunilXY,1,1,0,0,0,0,0,0,0,0,0,0,0,0,[2]
nlpxucan/WizardLM,itstaylorham,1,0,0,0,0,0,0,0,0,0,0,0,0,0,[1]
nlpxucan/WizardLM,Mran,1,0,0,0,0,0,0,0,0,0,0,0,0,0,[1]
nlpxucan/WizardLM,IntrovertedFL,1,0,0,0,0,0,0,0,0,0,0,0,0,0,[1]
nlpxucan/WizardLM,Homlin-68,1,0,0,0,0,0,0,0,0,0,0,0,0,0,[1]
nlpxucan/WizardLM,oceanypt,1,0,0,0,0,0,0,0,0,0,0,0,0,0,[1]
nlpxucan/WizardLM,jiangix-paper,1,0,0,0,0,0,0,0,0,0,0,0,0,0,[1]
nlpxucan/WizardLM,bansky-cl,1,0,0,0,0,0,0,0,0,0,0,0,0,0,[1]
nlpxucan/WizardLM,misonsky,1,0,0,0,0,0,0,0,0,0,0,0,0,0,[1]
nlpxucan/WizardLM,jiashenggu,1,0,0,0,0,0,0,0,0,0,0,0,0,0,[1]
nlpxucan/WizardLM,Limbicnation,1,0,0,0,0,0,0,0,0,0,0,0,0,0,[1]
nlpxucan/WizardLM,Trangle,1,0,0,0,0,0,0,0,0,0,0,0,0,0,[1]
nlpxucan/WizardLM,ChiYeungLaw,0,0,3,0,0,11,0,0,0,0,0,0,0,0,[14]
nlpxucan/WizardLM,SysuJayce,1,1,0,0,0,0,0,0,0,0,0,0,0,0,[2]
nlpxucan/WizardLM,haosdent,1,0,0,0,0,0,0,0,0,0,0,0,0,0,[1]
nlpxucan/WizardLM,QAZASDEDC,1,0,0,0,0,0,0,0,0,0,0,0,0,0,[1]
nlpxucan/WizardLM,hiyouga,1,0,0,0,0,0,0,0,0,0,0,0,0,0,[1]
nlpxucan/WizardLM,XiaofengZHOU,1,0,0,0,0,0,0,0,0,0,0,0,0,0,[1]
nlpxucan/WizardLM,yatesdr,0,0,1,0,0,0,0,0,0,0,0,0,0,0,[1]
nlpxucan/WizardLM,merlinarer,1,0,0,0,0,0,0,0,0,0,0,0,0,0,[1]
nlpxucan/WizardLM,No1WellDone,1,0,0,0,0,0,0,0,0,0,0,0,0,0,[1]
nlpxucan/WizardLM,AustinColby,1,0,0,0,0,0,0,0,0,0,0,0,0,0,[1]
nlpxucan/WizardLM,Azure-Vision,1,0,0,0,0,0,0,0,0,0,0,0,0,0,[1]
nlpxucan/WizardLM,kylezhangwei,1,0,0,0,0,0,0,0,0,0,0,0,0,0,[1]
nlpxucan/WizardLM,xzuyn,0,0,0,2,0,0,0,0,0,0,0,0,0,0,[2]
nlpxucan/WizardLM,xl1043237213,1,0,0,0,0,0,0,0,0,0,0,0,0,0,[1]
nlpxucan/WizardLM,FoobarProtocol,1,0,0,0,0,0,0,0,0,0,0,0,0,0,[1]
nlpxucan/WizardLM,RenzeLou,1,0,0,0,0,0,0,0,0,0,0,0,0,0,[1]
nlpxucan/WizardLM,AndrewLaganaro,1,0,0,0,0,0,0,0,0,0,0,0,0,0,[1]
nlpxucan/WizardLM,li-il-li,1,0,0,0,0,0,0,0,0,0,0,0,0,0,[1]
nlpxucan/WizardLM,gottlike,1,0,1,2,0,0,0,0,0,0,0,0,0,0,[4]
nlpxucan/WizardLM,jasperan,1,0,0,0,0,0,0,0,0,0,0,0,0,0,[1]
nlpxucan/WizardLM,HenkPoley,1,0,0,0,0,0,0,0,0,0,0,0,0,0,[1]
nlpxucan/WizardLM,vasileermicioi,1,0,0,0,0,0,0,0,0,0,0,0,0,0,[1]
nlpxucan/WizardLM,Naman-ntc,0,0,0,1,0,0,0,0,0,0,0,0,0,0,[1]
nlpxucan/WizardLM,dawu76,1,0,0,0,0,0,0,0,0,0,0,0,0,0,[1]
nlpxucan/WizardLM,enkaybit,0,1,0,0,0,0,0,0,0,0,0,0,0,0,[1]
nlpxucan/WizardLM,Furyton,1,0,0,0,0,0,0,0,0,0,0,0,0,0,[1]
nlpxucan/WizardLM,Ralphchahwan,0,0,1,0,0,0,0,0,0,0,0,0,0,0,[1]
nlpxucan/WizardLM,amitport,1,0,0,0,0,0,0,0,0,0,0,0,0,0,[1]
nlpxucan/WizardLM,apachemycat,0,0,1,0,0,0,0,0,0,0,0,0,0,0,[1]
nlpxucan/WizardLM,myjeffxie,1,0,0,0,0,0,0,0,0,0,0,0,0,0,[1]
nlpxucan/WizardLM,mikelittman,1,0,0,0,0,0,0,0,0,0,0,0,0,0,[1]
nlpxucan/WizardLM,brozkrut,1,0,0,0,0,0,0,0,0,0,0,0,0,0,[1]
nlpxucan/WizardLM,jobreu,1,0,0,0,0,0,0,0,0,0,0,0,0,0,[1]
nlpxucan/WizardLM,Tarunadityaselva,1,0,0,0,0,0,0,0,0,0,0,0,0,0,[1]
nlpxucan/WizardLM,vinayak618,1,0,0,0,0,0,0,0,0,0,0,0,0,0,[1]
nlpxucan/WizardLM,admineral,1,0,0,0,0,0,0,0,0,0,0,0,0,0,[1]
nlpxucan/WizardLM,yorio0109,1,0,0,0,0,0,0,0,0,0,0,0,0,0,[1]
nlpxucan/WizardLM,IcarusWizard,1,0,0,0,0,0,0,0,0,0,0,0,0,0,[1]
nlpxucan/WizardLM,fishfree,1,0,0,0,0,0,0,0,0,0,0,0,0,0,[1]
nlpxucan/WizardLM,haotang1995,1,0,0,0,0,0,0,0,0,0,0,0,0,0,[1]
nlpxucan/WizardLM,theoriginalgri,1,0,0,0,0,0,0,0,0,0,0,0,0,0,[1]
nlpxucan/WizardLM,NativeIndianDog,1,0,0,0,0,0,0,0,0,0,0,0,0,0,[1]
nlpxucan/WizardLM,Arlodotexe,1,0,0,0,0,0,0,0,0,0,0,0,0,0,[1]
nlpxucan/WizardLM,Energy0124,1,0,0,0,0,0,0,0,0,0,0,0,0,0,[1]
nlpxucan/WizardLM,ahxt,1,0,0,0,0,0,0,0,0,0,0,0,0,0,[1]
nlpxucan/WizardLM,AlanLiang-314,1,0,0,0,0,0,0,0,0,0,0,0,0,0,[1]
nlpxucan/WizardLM,liyongsea,1,0,0,0,0,0,0,0,0,0,0,0,0,0,[1]
nlpxucan/WizardLM,liangofthechen,0,1,0,0,0,0,0,0,0,0,0,0,0,0,[1]
nlpxucan/WizardLM,Cristian2432,1,0,0,0,0,0,0,0,0,0,0,0,0,0,[1]
nlpxucan/WizardLM,jeffrigby,1,0,0,0,0,0,0,0,0,0,0,0,0,0,[1]
nlpxucan/WizardLM,huey2531,1,0,0,0,0,0,0,0,0,0,0,0,0,0,[1]
nlpxucan/WizardLM,NicolaLS,1,0,0,0,0,0,0,0,0,0,0,0,0,0,[1]
nlpxucan/WizardLM,chenshengzhi,1,0,0,0,0,0,0,0,0,0,0,0,0,0,[1]
nlpxucan/WizardLM,soleblaze,1,0,0,0,0,0,0,0,0,0,0,0,0,0,[1]
nlpxucan/WizardLM,zhangkejiang,1,0,0,0,0,0,0,0,0,0,0,0,0,0,[1]
nlpxucan/WizardLM,chrisxiha,1,0,0,0,0,0,0,0,0,0,0,0,0,0,[1]
nlpxucan/WizardLM,bdockbockd,1,0,0,0,0,0,0,0,0,0,0,0,0,0,[1]
nlpxucan/WizardLM,zhaolong1990ok,1,0,0,0,0,0,0,0,0,0,0,0,0,0,[1]
nlpxucan/WizardLM,sld,1,0,0,0,0,0,0,0,0,0,0,0,0,0,[1]
nlpxucan/WizardLM,yzxyzh,1,0,0,0,0,0,0,0,0,0,0,0,0,0,[1]
nlpxucan/WizardLM,ferdousbhai,1,0,0,0,0,0,0,0,0,0,0,0,0,0,[1]
nlpxucan/WizardLM,Life-0-1,1,0,0,0,0,0,0,0,0,0,0,0,0,0,[1]
nlpxucan/WizardLM,huajianmao,1,0,0,0,0,0,0,0,0,0,0,0,0,0,[1]
nlpxucan/WizardLM,SivilTaram,1,0,0,0,0,0,0,0,0,0,0,0,0,0,[1]
nlpxucan/WizardLM,stv5,1,0,0,0,0,0,0,0,0,0,0,0,0,0,[1]
nlpxucan/WizardLM,keyboardAnt,1,0,0,0,0,0,0,0,0,0,0,0,0,0,[1]
nlpxucan/WizardLM,tmm1,0,1,0,0,0,0,0,0,0,0,0,0,0,0,[1]
nlpxucan/WizardLM,yuaowang,1,0,0,0,0,0,0,0,0,0,0,0,0,0,[1]
nlpxucan/WizardLM,mofanv,1,0,0,0,0,0,0,0,0,0,0,0,0,0,[1]
nlpxucan/WizardLM,zcrwind,1,0,0,0,0,0,0,0,0,0,0,0,0,0,[1]
nlpxucan/WizardLM,jon-chin,1,0,0,0,0,0,0,0,0,0,0,0,0,0,[1]
nlpxucan/WizardLM,hujili007,1,0,0,0,0,0,0,0,0,0,0,0,0,0,[1]
nlpxucan/WizardLM,0xMarsyas,1,0,0,0,0,0,0,0,0,0,0,0,0,0,[1]
nlpxucan/WizardLM,wxfvf,1,0,0,0,0,0,0,0,0,0,0,0,0,0,[1]
nlpxucan/WizardLM,shushanxingzhe,1,0,0,0,0,0,0,0,0,0,0,0,0,0,[1]
nlpxucan/WizardLM,HuiLi,1,0,0,0,0,0,0,0,0,0,0,0,0,0,[1]
nlpxucan/WizardLM,lfy79001,1,0,0,0,0,0,0,0,0,0,0,0,0,0,[1]
nlpxucan/WizardLM,zhang-jr,1,0,0,0,0,0,0,0,0,0,0,0,0,0,[1]
nlpxucan/WizardLM,Nero0113,1,0,0,0,0,0,0,0,0,0,0,0,0,0,[1]
nlpxucan/WizardLM,davideuler,1,0,0,0,0,0,0,0,0,0,0,0,0,0,[1]
nlpxucan/WizardLM,UranusSeven,1,0,0,0,0,0,0,0,0,0,0,0,0,0,[1]
nlpxucan/WizardLM,ZhengkunTian,1,0,0,0,0,0,0,0,0,0,0,0,0,0,[1]
nlpxucan/WizardLM,everjesse,1,0,0,0,0,0,0,0,0,0,0,0,0,0,[1]
nlpxucan/WizardLM,XaviLv,1,0,0,0,0,0,0,0,0,0,0,0,0,0,[1]
nlpxucan/WizardLM,wxjiao,1,0,0,0,0,0,0,0,0,0,0,0,0,0,[1]
nlpxucan/WizardLM,ygfrancois,1,0,0,0,0,0,0,0,0,0,0,0,0,0,[1]
nlpxucan/WizardLM,840900649,1,0,0,0,0,0,0,0,0,0,0,0,0,0,[1]
nlpxucan/WizardLM,bbsngg,1,0,0,0,0,0,0,0,0,0,0,0,0,0,[1]
nlpxucan/WizardLM,flowbywind,1,0,0,0,0,0,0,0,0,0,0,0,0,0,[1]
nlpxucan/WizardLM,David-Lee-1990,1,0,0,0,0,0,0,0,0,0,0,0,0,0,[1]
nlpxucan/WizardLM,shosseini811,1,0,0,0,0,0,0,0,0,0,0,0,0,0,[1]
nlpxucan/WizardLM,iziang,1,0,0,0,0,0,0,0,0,0,0,0,0,0,[1]
nlpxucan/WizardLM,8times4,1,0,0,0,0,0,0,0,0,0,0,0,0,0,[1]
nlpxucan/WizardLM,windwang,1,0,0,0,0,0,0,0,0,0,0,0,0,0,[1]
nlpxucan/WizardLM,bunkerheadz1998,1,0,0,0,0,0,0,0,0,0,0,0,0,0,[1]
nlpxucan/WizardLM,siglobe,1,0,0,0,0,0,0,0,0,0,0,0,0,0,[1]
nlpxucan/WizardLM,stevyhacker,1,0,0,0,0,0,0,0,0,0,0,0,0,0,[1]
nlpxucan/WizardLM,shawnharmsen,1,0,0,0,0,0,0,0,0,0,0,0,0,0,[1]
nlpxucan/WizardLM,ill-yes,1,0,0,0,0,0,0,0,0,0,0,0,0,0,[1]
nlpxucan/WizardLM,Baiyuetribe,1,0,0,0,0,0,0,0,0,0,0,0,0,0,[1]
nlpxucan/WizardLM,emigmo,1,0,0,0,0,0,0,0,0,0,0,0,0,0,[1]
nlpxucan/WizardLM,dongyuwei,1,0,0,0,0,0,0,0,0,0,0,0,0,0,[1]
nlpxucan/WizardLM,aliireza,1,0,0,0,0,0,0,0,0,0,0,0,0,0,[1]
nlpxucan/WizardLM,lukabajo,1,0,0,0,0,0,0,0,0,0,0,0,0,0,[1]
nlpxucan/WizardLM,canslove,1,0,0,0,0,0,0,0,0,0,0,0,0,0,[1]
nlpxucan/WizardLM,Ryan526,1,0,0,0,0,0,0,0,0,0,0,0,0,0,[1]
nlpxucan/WizardLM,nikolash,1,0,0,0,0,0,0,0,0,0,0,0,0,0,[1]
nlpxucan/WizardLM,Firstbober,1,0,0,0,0,0,0,0,0,0,0,0,0,0,[1]
nlpxucan/WizardLM,Goal-driven,1,0,0,0,0,0,0,0,0,0,0,0,0,0,[1]
nlpxucan/WizardLM,cleder,1,0,0,0,0,0,0,0,0,0,0,0,0,0,[1]
nlpxucan/WizardLM,tallasafox,1,0,0,0,0,0,0,0,0,0,0,0,0,0,[1]
nlpxucan/WizardLM,6b796c65,1,0,0,0,0,0,0,0,0,0,0,0,0,0,[1]
nlpxucan/WizardLM,OmarAlanizi,1,0,0,0,0,0,0,0,0,0,0,0,0,0,[1]
nlpxucan/WizardLM,mustache-commits,1,0,0,0,0,0,0,0,0,0,0,0,0,0,[1]
nlpxucan/WizardLM,juleskuehn,1,0,0,0,0,0,0,0,0,0,0,0,0,0,[1]
nlpxucan/WizardLM,daveaingram,1,0,0,0,0,0,0,0,0,0,0,0,0,0,[1]
nlpxucan/WizardLM,hexcowboy,1,0,0,0,0,0,0,0,0,0,0,0,0,0,[1]
nlpxucan/WizardLM,lrw04,1,0,0,0,0,0,0,0,0,0,0,0,0,0,[1]
nlpxucan/WizardLM,abrahamprz,1,0,0,0,0,0,0,0,0,0,0,0,0,0,[1]
nlpxucan/WizardLM,TheBlackTesla,1,0,0,0,0,0,0,0,0,0,0,0,0,0,[1]
nlpxucan/WizardLM,yuzebin,1,0,0,0,0,0,0,0,0,0,0,0,0,0,[1]
nlpxucan/WizardLM,cryptonativephd,1,0,0,0,0,0,0,0,0,0,0,0,0,0,[1]
nlpxucan/WizardLM,sb2nov,1,0,0,0,0,0,0,0,0,0,0,0,0,0,[1]
nlpxucan/WizardLM,HoreaHorea,1,0,0,0,0,0,0,0,0,0,0,0,0,0,[1]
nlpxucan/WizardLM,mzbac,1,0,0,0,0,0,0,0,0,0,0,0,0,0,[1]
nlpxucan/WizardLM,marcelcastrobr,1,0,0,0,0,0,0,0,0,0,0,0,0,0,[1]
nlpxucan/WizardLM,firespike2050,1,0,0,0,0,0,0,0,0,0,0,0,0,0,[1]
nlpxucan/WizardLM,zwq2018,0,1,0,0,0,0,0,0,0,0,0,0,0,0,[1]
nlpxucan/WizardLM,GanymedeNil,1,0,0,0,0,0,0,0,0,0,0,0,0,0,[1]
nlpxucan/WizardLM,shawnrice,1,0,0,0,0,0,0,0,0,0,0,0,0,0,[1]
nlpxucan/WizardLM,schroyar,1,0,0,0,0,0,0,0,0,0,0,0,0,0,[1]
nlpxucan/WizardLM,D4T4R,1,0,0,0,0,0,0,0,0,0,0,0,0,0,[1]
nlpxucan/WizardLM,andyl98,1,0,0,0,0,0,0,0,0,0,0,0,0,0,[1]
nlpxucan/WizardLM,DNXie,1,0,0,0,0,0,0,0,0,0,0,0,0,0,[1]
nlpxucan/WizardLM,oliverbravery,1,0,0,0,0,0,0,0,0,0,0,0,0,0,[1]
nlpxucan/WizardLM,guoqianglan,1,0,0,0,0,0,0,0,0,0,0,0,0,0,[1]
nlpxucan/WizardLM,rishabh135,1,0,0,0,0,0,0,0,0,0,0,0,0,0,[1]
nlpxucan/WizardLM,cminor102,1,0,0,0,0,0,0,0,0,0,0,0,0,0,[1]
nlpxucan/WizardLM,kema-dev,1,0,0,0,0,0,0,0,0,0,0,0,0,0,[1]
nlpxucan/WizardLM,marcinja,1,0,0,0,0,0,0,0,0,0,0,0,0,0,[1]
nlpxucan/WizardLM,arocnies,1,0,0,0,0,0,0,0,0,0,0,0,0,0,[1]
nlpxucan/WizardLM,ZikangXiong,1,0,0,0,0,0,0,0,0,0,0,0,0,0,[1]
nlpxucan/WizardLM,elektro-wolle,1,0,0,0,0,0,0,0,0,0,0,0,0,0,[1]
nlpxucan/WizardLM,mintisan,1,0,0,0,0,0,0,0,0,0,0,0,0,0,[1]
nlpxucan/WizardLM,ttssp,1,0,0,0,0,0,0,0,0,0,0,0,0,0,[1]
nlpxucan/WizardLM,LeiJiangJNU,1,0,0,0,0,0,0,0,0,0,0,0,0,0,[1]
nlpxucan/WizardLM,mkbird,1,0,0,0,0,0,0,0,0,0,0,0,0,0,[1]
nlpxucan/WizardLM,shikimoon,1,0,0,0,0,0,0,0,0,0,0,0,0,0,[1]
nlpxucan/WizardLM,vanpersie32,1,0,0,0,0,0,0,0,0,0,0,0,0,0,[1]
nlpxucan/WizardLM,floodsung,1,0,0,0,0,0,0,0,0,0,0,0,0,0,[1]
nlpxucan/WizardLM,jjjjohnson,1,0,0,0,0,0,0,0,0,0,0,0,0,0,[1]
nlpxucan/WizardLM,yguo33,1,0,0,0,0,0,0,0,0,0,0,0,0,0,[1]
nlpxucan/WizardLM,donglixp,1,0,0,0,0,0,0,0,0,0,0,0,0,0,[1]
nlpxucan/WizardLM,llyx97,1,0,0,0,0,0,0,0,0,0,0,0,0,0,[1]
nlpxucan/WizardLM,noisyblue,1,0,0,0,0,0,0,0,0,0,0,0,0,0,[1]
nlpxucan/WizardLM,Hkmu,1,0,0,0,0,0,0,0,0,0,0,0,0,0,[1]
nlpxucan/WizardLM,tangzhy,1,0,0,0,0,0,0,0,0,0,0,0,0,0,[1]
nlpxucan/WizardLM,DanielLin97,1,0,0,0,0,0,0,0,0,0,0,0,0,0,[1]
nlpxucan/WizardLM,xyupeng,1,0,0,0,0,0,0,0,0,0,0,0,0,0,[1]
nlpxucan/WizardLM,drxmy,1,0,0,0,0,0,0,0,0,0,0,0,0,0,[1]
nlpxucan/WizardLM,AndyandViky,1,0,0,0,0,0,0,0,0,0,0,0,0,0,[1]
nlpxucan/WizardLM,hewr1993,1,0,0,0,0,0,0,0,0,0,0,0,0,0,[1]
nlpxucan/WizardLM,zcyc,1,0,0,0,0,0,0,0,0,0,0,0,0,0,[1]
nlpxucan/WizardLM,LiuShixing,1,0,0,0,0,0,0,0,0,0,0,0,0,0,[1]
nlpxucan/WizardLM,cassanof,0,1,0,0,0,0,0,0,0,0,0,0,0,0,[1]
nlpxucan/WizardLM,martemorfosis,1,0,0,0,0,0,0,0,0,0,0,0,0,0,[1]
nlpxucan/WizardLM,pynchmeister,1,0,0,0,0,0,0,0,0,0,0,0,0,0,[1]
nlpxucan/WizardLM,oshev,1,0,0,0,0,0,0,0,0,0,0,0,0,0,[1]
nlpxucan/WizardLM,fobinator,1,0,0,0,0,0,0,0,0,0,0,0,0,0,[1]
nlpxucan/WizardLM,cohnen,1,0,0,0,0,0,0,0,0,0,0,0,0,0,[1]
nlpxucan/WizardLM,physicsmathstut,1,0,0,0,0,0,0,0,0,0,0,0,0,0,[1]
nlpxucan/WizardLM,kxmas,1,0,0,0,0,0,0,0,0,0,0,0,0,0,[1]
nlpxucan/WizardLM,rdempsey,1,0,0,0,0,0,0,0,0,0,0,0,0,0,[1]
nlpxucan/WizardLM,L-S-2020,1,0,0,0,0,0,0,0,0,0,0,0,0,0,[1]
nlpxucan/WizardLM,kustomzone,0,1,0,0,0,0,0,0,0,0,0,0,0,0,[1]
nlpxucan/WizardLM,mtisz,0,0,1,0,0,0,0,0,0,0,0,0,0,0,[1]
nlpxucan/WizardLM,revantk,1,0,0,0,0,0,0,0,0,0,0,0,0,0,[1]
nlpxucan/WizardLM,giyaseddin,1,0,0,0,0,0,0,0,0,0,0,0,0,0,[1]
nlpxucan/WizardLM,Mmoloki9kyu,1,0,0,0,0,0,0,0,0,0,0,0,0,0,[1]
nlpxucan/WizardLM,k4rimov,1,0,0,0,0,0,0,0,0,0,0,0,0,0,[1]
nlpxucan/WizardLM,wrannaman,1,0,0,0,0,0,0,0,0,0,0,0,0,0,[1]
nlpxucan/WizardLM,laran,1,0,0,0,0,0,0,0,0,0,0,0,0,0,[1]
nlpxucan/WizardLM,AedDev,1,0,0,0,0,0,0,0,0,0,0,0,0,0,[1]
nlpxucan/WizardLM,tonydeep,1,0,0,0,0,0,0,0,0,0,0,0,0,0,[1]
nlpxucan/WizardLM,cadcamdesignbd,1,0,0,0,0,0,0,0,0,0,0,0,0,0,[1]
nlpxucan/WizardLM,jstzwj,1,0,0,0,0,0,0,0,0,0,0,0,0,0,[1]
nlpxucan/WizardLM,CPFLAME,0,1,0,0,0,0,0,0,0,0,0,0,0,0,[1]
nlpxucan/WizardLM,Godsing,1,0,1,0,0,0,0,0,0,0,0,0,0,0,[2]
nlpxucan/WizardLM,Hayao41,1,0,0,0,0,0,0,0,0,0,0,0,0,0,[1]
nlpxucan/WizardLM,tolster710,1,0,0,0,0,0,0,0,0,0,0,0,0,0,[1]
nlpxucan/WizardLM,kasyoukin,1,0,0,0,0,0,0,0,0,0,0,0,0,0,[1]
nlpxucan/WizardLM,duyichao,1,0,0,0,0,0,0,0,0,0,0,0,0,0,[1]
nlpxucan/WizardLM,XingxingZhang,1,0,0,0,0,0,0,0,0,0,0,0,0,0,[1]
nlpxucan/WizardLM,sys1874,1,0,0,0,0,0,0,0,0,0,0,0,0,0,[1]
nlpxucan/WizardLM,sperazza,1,0,0,0,0,0,0,0,0,0,0,0,0,0,[1]
nlpxucan/WizardLM,jinweiluo,1,0,0,0,0,0,0,0,0,0,0,0,0,0,[1]
nlpxucan/WizardLM,sc-bos,1,0,0,0,0,0,0,0,0,0,0,0,0,0,[1]
nlpxucan/WizardLM,boy-be-ambitious,1,0,0,0,0,0,0,0,0,0,0,0,0,0,[1]
nlpxucan/WizardLM,edwingeng,1,0,0,0,0,0,0,0,0,0,0,0,0,0,[1]
nlpxucan/WizardLM,Luvata,1,0,0,0,0,0,0,0,0,0,0,0,0,0,[1]
nlpxucan/WizardLM,brancengregory,1,0,0,0,0,0,0,0,0,0,0,0,0,0,[1]
nlpxucan/WizardLM,huyangqiu,1,0,0,0,0,0,0,0,0,0,0,0,0,0,[1]
nlpxucan/WizardLM,SlongLiu,1,0,0,0,0,0,0,0,0,0,0,0,0,0,[1]
nlpxucan/WizardLM,msfrms,1,0,0,0,0,0,0,0,0,0,0,0,0,0,[1]
nlpxucan/WizardLM,iofu728,1,0,0,0,0,0,0,0,0,0,0,0,0,0,[1]
nlpxucan/WizardLM,Adamkaram,1,0,0,0,0,0,0,0,0,0,0,0,0,0,[1]
nlpxucan/WizardLM,HalfMAI,1,0,0,0,0,0,0,0,0,0,0,0,0,0,[1]
nlpxucan/WizardLM,mediaexplorer74,1,0,0,0,0,0,0,0,0,0,0,0,0,0,[1]
nlpxucan/WizardLM,kryskros2,1,0,0,0,0,0,0,0,0,0,0,0,0,0,[1]
nlpxucan/WizardLM,dallinbentley,1,0,0,0,0,0,0,0,0,0,0,0,0,0,[1]
nlpxucan/WizardLM,veelion,1,0,0,0,0,0,0,0,0,0,0,0,0,0,[1]
nlpxucan/WizardLM,TheWinds,1,0,0,0,0,0,0,0,0,0,0,0,0,0,[1]
nlpxucan/WizardLM,china10s,1,0,0,0,0,0,0,0,0,0,0,0,0,0,[1]
nlpxucan/WizardLM,wangning19940904,1,0,0,0,0,0,0,0,0,0,0,0,0,0,[1]
nlpxucan/WizardLM,wonderseen,1,0,0,0,0,0,0,0,0,0,0,0,0,0,[1]
nlpxucan/WizardLM,sibbl,1,0,0,0,0,0,0,0,0,0,0,0,0,0,[1]
nlpxucan/WizardLM,yuanshichao1988,1,0,0,0,0,0,0,0,0,0,0,0,0,0,[1]
nlpxucan/WizardLM,hustwyk,1,0,0,0,0,0,0,0,0,0,0,0,0,0,[1]
nlpxucan/WizardLM,klonggan,1,1,0,0,0,0,0,0,0,0,0,0,0,0,[2]
nlpxucan/WizardLM,Remember2015,1,0,0,0,0,0,0,0,0,0,0,0,0,0,[1]
nlpxucan/WizardLM,glsoon,1,0,0,0,0,0,0,0,0,0,0,0,0,0,[1]
nlpxucan/WizardLM,yaohui-wyh,1,0,0,0,0,0,0,0,0,0,0,0,0,0,[1]
nlpxucan/WizardLM,Arbitersc,1,0,0,0,0,0,0,0,0,0,0,0,0,0,[1]
nlpxucan/WizardLM,Mainbiscuit917,1,0,0,0,0,0,0,0,0,0,0,0,0,0,[1]
nlpxucan/WizardLM,3dhermit,1,0,0,0,0,0,0,0,0,0,0,0,0,0,[1]
nlpxucan/WizardLM,yeeyou,1,0,0,0,0,0,0,0,0,0,0,0,0,0,[1]
nlpxucan/WizardLM,backahasten,1,0,0,0,0,0,0,0,0,0,0,0,0,0,[1]
nlpxucan/WizardLM,onemore118,1,0,0,0,0,0,0,0,0,0,0,0,0,0,[1]
nlpxucan/WizardLM,shanjiecai,1,0,0,0,0,0,0,0,0,0,0,0,0,0,[1]
nlpxucan/WizardLM,LorrinWWW,1,0,0,0,0,0,0,0,0,0,0,0,0,0,[1]
nlpxucan/WizardLM,miangangzhen,1,0,0,0,0,0,0,0,0,0,0,0,0,0,[1]
nlpxucan/WizardLM,farasatkhan,1,0,0,0,0,0,0,0,0,0,0,0,0,0,[1]
nlpxucan/WizardLM,MasKong,1,0,0,0,0,0,0,0,0,0,0,0,0,0,[1]
nlpxucan/WizardLM,dl-ry,1,0,0,0,0,0,0,0,0,0,0,0,0,0,[1]
nlpxucan/WizardLM,gmoshiko,1,0,0,0,0,0,0,0,0,0,0,0,0,0,[1]
nlpxucan/WizardLM,AigizK,1,0,0,0,0,0,0,0,0,0,0,0,0,0,[1]
nlpxucan/WizardLM,yuewang-cuhk,0,0,0,1,0,0,0,0,0,0,0,0,0,0,[1]
nlpxucan/WizardLM,Tianranse,1,0,0,0,0,0,0,0,0,0,0,0,0,0,[1]
nlpxucan/WizardLM,ahong007007,0,0,0,1,0,0,0,0,0,0,0,0,0,0,[1]
nlpxucan/WizardLM,RobbertOnly,1,0,0,0,0,0,0,0,0,0,0,0,0,0,[1]
nlpxucan/WizardLM,transmissions11,1,0,0,0,0,0,0,0,0,0,0,0,0,0,[1]
nlpxucan/WizardLM,tomtomkite,1,0,0,0,0,0,0,0,0,0,0,0,0,0,[1]
nlpxucan/WizardLM,JiuBanA1,1,0,0,0,0,0,0,0,0,0,0,0,0,0,[1]
nlpxucan/WizardLM,quentinliu,1,0,0,0,0,0,0,0,0,0,0,0,0,0,[1]
nlpxucan/WizardLM,BrandonBocheng,1,0,0,0,0,0,0,0,0,0,0,0,0,0,[1]
nlpxucan/WizardLM,vizanto,1,0,0,0,0,0,0,0,0,0,0,0,0,0,[1]
nlpxucan/WizardLM,rjoshima,1,0,0,0,0,0,0,0,0,0,0,0,0,0,[1]
nlpxucan/WizardLM,haorannlp,1,0,0,0,0,0,0,0,0,0,0,0,0,0,[1]
nlpxucan/WizardLM,blldd,1,0,0,0,0,0,0,0,0,0,0,0,0,0,[1]
nlpxucan/WizardLM,pengshuyuan,1,0,0,0,0,0,0,0,0,0,0,0,0,0,[1]
nlpxucan/WizardLM,jihaonew,1,0,0,0,0,0,0,0,0,0,0,0,0,0,[1]
nlpxucan/WizardLM,gnokit,1,0,0,0,0,0,0,0,0,0,0,0,0,0,[1]
nlpxucan/WizardLM,hupidong,1,0,0,0,0,0,0,0,0,0,0,0,0,0,[1]
nlpxucan/WizardLM,crapthings,1,0,0,0,0,0,0,0,0,0,0,0,0,0,[1]
nlpxucan/WizardLM,wjlStarShip0,1,0,0,0,0,0,0,0,0,0,0,0,0,0,[1]
nlpxucan/WizardLM,ccclyu,1,0,0,0,0,0,0,0,0,0,0,0,0,0,[1]
nlpxucan/WizardLM,sunnweiwei,1,0,0,0,0,0,0,0,0,0,0,0,0,0,[1]
nlpxucan/WizardLM,pcaversaccio,1,0,0,0,0,0,0,0,0,0,0,0,0,0,[1]
nlpxucan/WizardLM,Kailthen,1,0,0,0,0,0,0,0,0,0,0,0,0,0,[1]
nlpxucan/WizardLM,marty-sullivan,1,0,0,0,0,0,0,0,0,0,0,0,0,0,[1]
nlpxucan/WizardLM,yanniszhou,0,1,0,0,0,0,0,0,0,0,0,0,0,0,[1]
nlpxucan/WizardLM,zhangxuefeng,1,0,0,0,0,0,0,0,0,0,0,0,0,0,[1]
nlpxucan/WizardLM,jmstevens,1,0,0,0,0,0,0,0,0,0,0,0,0,0,[1]
nlpxucan/WizardLM,guozi110001,1,0,0,0,0,0,0,0,0,0,0,0,0,0,[1]
nlpxucan/WizardLM,ormico,1,0,0,0,0,0,0,0,0,0,0,0,0,0,[1]
nlpxucan/WizardLM,anandijain,1,0,0,0,0,0,0,0,0,0,0,0,0,0,[1]
nlpxucan/WizardLM,fuqianya,1,0,0,0,0,0,0,0,0,0,0,0,0,0,[1]
nlpxucan/WizardLM,zxypro1,1,0,0,0,0,0,0,0,0,0,0,0,0,0,[1]
nlpxucan/WizardLM,Zmu-paramount,1,0,0,0,0,0,0,0,0,0,0,0,0,0,[1]
nlpxucan/WizardLM,CatherineZhou,1,0,0,0,0,0,0,0,0,0,0,0,0,0,[1]
nlpxucan/WizardLM,pristine3,1,0,0,0,0,0,0,0,0,0,0,0,0,0,[1]
nlpxucan/WizardLM,EchanHe,1,0,0,0,0,0,0,0,0,0,0,0,0,0,[1]
nlpxucan/WizardLM,HouYueJie,1,0,0,0,0,0,0,0,0,0,0,0,0,0,[1]
nlpxucan/WizardLM,NoahZhang,1,0,0,0,0,0,0,0,0,0,0,0,0,0,[1]
nlpxucan/WizardLM,Brishen,1,0,0,0,0,0,0,0,0,0,0,0,0,0,[1]
nlpxucan/WizardLM,abdullah-p,1,0,0,0,0,0,0,0,0,0,0,0,0,0,[1]
nlpxucan/WizardLM,aamir-s18,1,0,0,0,0,0,0,0,0,0,0,0,0,0,[1]
nlpxucan/WizardLM,3cha1n,1,0,0,0,0,0,0,0,0,0,0,0,0,0,[1]
nlpxucan/WizardLM,li-xl,1,0,1,0,0,0,0,0,0,0,0,0,0,0,[2]
nlpxucan/WizardLM,shstkvch,1,0,0,1,0,0,0,0,0,0,0,0,0,0,[2]
nlpxucan/WizardLM,gustin,1,0,0,0,0,0,0,0,0,0,0,0,0,0,[1]
nlpxucan/WizardLM,nimitpattanasri,1,0,0,0,0,0,0,0,0,0,0,0,0,0,[1]
nlpxucan/WizardLM,alaust-dev,1,0,0,0,0,0,0,0,0,0,0,0,0,0,[1]
nlpxucan/WizardLM,abhpc,1,0,0,0,0,0,0,0,0,0,0,0,0,0,[1]
nlpxucan/WizardLM,acforvs,1,0,0,0,0,0,0,0,0,0,0,0,0,0,[1]
nlpxucan/WizardLM,Wangpeiyi9979,1,0,0,0,0,0,0,0,0,0,0,0,0,0,[1]
nlpxucan/WizardLM,OctAg0nO,1,1,0,0,0,0,0,0,0,0,0,0,0,0,[2]
nlpxucan/WizardLM,xieisabug,1,0,0,0,0,0,0,0,0,0,0,0,0,0,[1]
nlpxucan/WizardLM,ngocnv371,1,0,0,0,0,0,0,0,0,0,0,0,0,0,[1]
nlpxucan/WizardLM,albertxos,1,0,0,0,0,0,0,0,0,0,0,0,0,0,[1]
nlpxucan/WizardLM,jralduaveuthey,1,0,0,0,0,0,0,0,0,0,0,0,0,0,[1]
nlpxucan/WizardLM,HaroldNL,1,0,0,0,0,0,0,0,0,0,0,0,0,0,[1]
nlpxucan/WizardLM,weisberg,1,0,0,0,0,0,0,0,0,0,0,0,0,0,[1]
nlpxucan/WizardLM,loctruong96,1,0,0,0,0,0,0,0,0,0,0,0,0,0,[1]
nlpxucan/WizardLM,Dinhero21,1,0,0,0,0,0,0,0,0,0,0,0,0,0,[1]
nlpxucan/WizardLM,hanswang73,0,0,1,0,0,0,0,0,0,0,0,0,0,0,[1]
nlpxucan/WizardLM,Dingjz,1,0,0,0,0,0,0,0,0,0,0,0,0,0,[1]
nlpxucan/WizardLM,Bedrovelsen,1,0,0,0,0,0,0,0,0,0,0,0,0,0,[1]
nlpxucan/WizardLM,yanqiangmiffy,1,0,0,0,0,0,0,0,0,0,0,0,0,0,[1]
nlpxucan/WizardLM,WesElliottEFD,1,0,0,0,0,0,0,0,0,0,0,0,0,0,[1]
nlpxucan/WizardLM,wsxiaoys,1,0,0,0,0,0,0,0,0,0,0,0,0,0,[1]
nlpxucan/WizardLM,AkshayBhatAI,1,0,0,0,0,0,0,0,0,0,0,0,0,0,[1]
nlpxucan/WizardLM,Anon2578,1,0,0,0,0,0,0,0,0,0,0,0,0,0,[1]
nlpxucan/WizardLM,rookielyb,1,0,0,0,0,0,0,0,0,0,0,0,0,0,[1]
nlpxucan/WizardLM,xingdi-eric-yuan,1,0,0,0,0,0,0,0,0,0,0,0,0,0,[1]
nlpxucan/WizardLM,chrismessina,1,0,0,0,0,0,0,0,0,0,0,0,0,0,[1]
nlpxucan/WizardLM,realaboo,1,0,0,0,0,0,0,0,0,0,0,0,0,0,[1]
nlpxucan/WizardLM,sidnb13,1,0,0,0,0,0,0,0,0,0,0,0,0,0,[1]
nlpxucan/WizardLM,utopcell,1,0,0,0,0,0,0,0,0,0,0,0,0,0,[1]
nlpxucan/WizardLM,tobymcclean,1,0,0,0,0,0,0,0,0,0,0,0,0,0,[1]
nlpxucan/WizardLM,emojiLee,1,0,0,0,0,0,0,0,0,0,0,0,0,0,[1]
nlpxucan/WizardLM,minammar,1,0,0,0,0,0,0,0,0,0,0,0,0,0,[1]
nlpxucan/WizardLM,DLambros91,1,0,0,0,0,0,0,0,0,0,0,0,0,0,[1]
nlpxucan/WizardLM,kaixinguo360,1,0,0,0,0,0,0,0,0,0,0,0,0,0,[1]
nlpxucan/WizardLM,mrragava,1,0,0,0,0,0,0,0,0,0,0,0,0,0,[1]
nlpxucan/WizardLM,AlexanderMisel,1,0,0,0,0,0,0,0,0,0,0,0,0,0,[1]
nlpxucan/WizardLM,shreyasvinaya,1,0,0,0,0,0,0,0,0,0,0,0,0,0,[1]
nlpxucan/WizardLM,aphix,1,0,0,0,0,0,0,0,0,0,0,0,0,0,[1]
nlpxucan/WizardLM,djtech-dev,1,0,0,0,0,0,0,0,0,0,0,0,0,0,[1]
nlpxucan/WizardLM,redbrain,0,0,2,1,0,0,0,0,0,0,0,0,0,0,[3]
nlpxucan/WizardLM,keyehzy,1,0,0,0,0,0,0,0,0,0,0,0,0,0,[1]
nlpxucan/WizardLM,Tweezii,1,0,0,0,0,0,0,0,0,0,0,0,0,0,[1]
nlpxucan/WizardLM,Decentralised-AI,0,1,0,0,0,0,0,0,0,0,0,0,0,0,[1]
nlpxucan/WizardLM,Swight1423,0,0,0,1,0,0,0,0,0,0,0,0,0,0,[1]
nlpxucan/WizardLM,MRHMisu,1,0,0,0,0,0,0,0,0,0,0,0,0,0,[1]
nlpxucan/WizardLM,generalzzd,1,0,0,0,0,0,0,0,0,0,0,0,0,0,[1]
nlpxucan/WizardLM,threefoldo,1,0,0,0,0,0,0,0,0,0,0,0,0,0,[1]
nlpxucan/WizardLM,JohnsonWoo,1,0,0,0,0,0,0,0,0,0,0,0,0,0,[1]
nlpxucan/WizardLM,edogbeatz,1,0,0,0,0,0,0,0,0,0,0,0,0,0,[1]
nlpxucan/WizardLM,nanqiaoli,1,0,0,0,0,0,0,0,0,0,0,0,0,0,[1]
nlpxucan/WizardLM,ChuckNoelke,1,0,0,0,0,0,0,0,0,0,0,0,0,0,[1]
nlpxucan/WizardLM,ArcherShirou,1,0,0,0,0,0,0,0,0,0,0,0,0,0,[1]
nlpxucan/WizardLM,amaozjy,1,0,0,0,0,0,0,0,0,0,0,0,0,0,[1]
nlpxucan/WizardLM,imangco,1,0,0,0,0,0,0,0,0,0,0,0,0,0,[1]
nlpxucan/WizardLM,charlespunk,1,0,0,0,0,0,0,0,0,0,0,0,0,0,[1]
nlpxucan/WizardLM,jxzhangjhu,1,1,0,0,0,0,0,0,0,0,0,0,0,0,[2]
nlpxucan/WizardLM,ashwin-patil,1,0,0,0,0,0,0,0,0,0,0,0,0,0,[1]
nlpxucan/WizardLM,zanwenok,1,0,0,0,0,0,0,0,0,0,0,0,0,0,[1]
nlpxucan/WizardLM,sanshanxiashi,1,0,0,0,0,0,0,0,0,0,0,0,0,0,[1]
nlpxucan/WizardLM,ehartford,0,0,3,1,0,0,0,0,0,0,0,0,0,0,[4]
nlpxucan/WizardLM,julianwileymac,1,0,0,0,0,0,0,0,0,0,0,0,0,0,[1]
nlpxucan/WizardLM,chat-guy,0,0,1,0,0,0,0,0,0,0,0,0,0,0,[1]
nlpxucan/WizardLM,blurrrryface,1,0,0,0,0,0,0,0,0,0,0,0,0,0,[1]
nlpxucan/WizardLM,DLBob,1,0,0,0,0,0,0,0,0,0,0,0,0,0,[1]
nlpxucan/WizardLM,bmorphism,1,0,0,0,0,0,0,0,0,0,0,0,0,0,[1]
nlpxucan/WizardLM,hijkzzz,1,0,0,0,0,0,0,0,0,0,0,0,0,0,[1]
nlpxucan/WizardLM,lucaswen2011,1,0,0,0,0,0,0,0,0,0,0,0,0,0,[1]
nlpxucan/WizardLM,supermartian,1,0,0,0,0,0,0,0,0,0,0,0,0,0,[1]
nlpxucan/WizardLM,mato1411,1,0,0,0,0,0,0,0,0,0,0,0,0,0,[1]
nlpxucan/WizardLM,gsymons,1,0,0,0,0,0,0,0,0,0,0,0,0,0,[1]
nlpxucan/WizardLM,peppa-nwpu,1,0,0,0,0,0,0,0,0,0,0,0,0,0,[1]
nlpxucan/WizardLM,Leoputera2407,1,0,0,0,0,0,0,0,0,0,0,0,0,0,[1]
nlpxucan/WizardLM,snoopycn,0,1,0,0,0,0,0,0,0,0,0,0,0,0,[1]
nlpxucan/WizardLM,Slyx737,1,0,0,0,0,0,0,0,0,0,0,0,0,0,[1]
nlpxucan/WizardLM,yangls06,1,0,0,0,0,0,0,0,0,0,0,0,0,0,[1]
nlpxucan/WizardLM,andreas-secret,1,0,0,0,0,0,0,0,0,0,0,0,0,0,[1]
nlpxucan/WizardLM,1two3code,1,0,0,0,0,0,0,0,0,0,0,0,0,0,[1]
nlpxucan/WizardLM,raphaelxiao,1,0,0,0,0,0,0,0,0,0,0,0,0,0,[1]
nlpxucan/WizardLM,inimah,1,0,0,0,0,0,0,0,0,0,0,0,0,0,[1]
nlpxucan/WizardLM,frangere,1,0,0,0,0,0,0,0,0,0,0,0,0,0,[1]
nlpxucan/WizardLM,Mulattierimanuel,1,0,0,0,0,0,0,0,0,0,0,0,0,0,[1]
nlpxucan/WizardLM,paperfactory,1,0,0,0,0,0,0,0,0,0,0,0,0,0,[1]
nlpxucan/WizardLM,duot,1,0,0,0,0,0,0,0,0,0,0,0,0,0,[1]
nlpxucan/WizardLM,mssongit,1,0,0,0,0,0,0,0,0,0,0,0,0,0,[1]
nlpxucan/WizardLM,reefactor,1,0,0,0,0,0,0,0,0,0,0,0,0,0,[1]
nlpxucan/WizardLM,izdi,1,0,0,0,0,0,0,0,0,0,0,0,0,0,[1]
nlpxucan/WizardLM,wongjingping,1,0,0,0,0,0,0,0,0,0,0,0,0,0,[1]
nlpxucan/WizardLM,yuxiang-wu,1,0,0,0,0,0,0,0,0,0,0,0,0,0,[1]
nlpxucan/WizardLM,pedrosimao,1,0,0,0,0,0,0,0,0,0,0,0,0,0,[1]
nlpxucan/WizardLM,wangberry,1,0,0,0,0,0,0,0,0,0,0,0,0,0,[1]
nlpxucan/WizardLM,Mohitkumar,1,0,0,0,0,0,0,0,0,0,0,0,0,0,[1]
nlpxucan/WizardLM,yourpropertyexpert,1,0,0,0,0,0,0,0,0,0,0,0,0,0,[1]
nlpxucan/WizardLM,al80402,1,0,0,0,0,0,0,0,0,0,0,0,0,0,[1]
nlpxucan/WizardLM,meap158,1,0,0,0,0,0,0,0,0,0,0,0,0,0,[1]
nlpxucan/WizardLM,rojas-diego,1,0,0,0,0,0,0,0,0,0,0,0,0,0,[1]
nlpxucan/WizardLM,andr2880,1,0,0,0,0,0,0,0,0,0,0,0,0,0,[1]
nlpxucan/WizardLM,phx0,1,0,0,0,0,0,0,0,0,0,0,0,0,0,[1]
nlpxucan/WizardLM,rxmachina,1,0,0,0,0,0,0,0,0,0,0,0,0,0,[1]
nlpxucan/WizardLM,ZhengyaoJiang,1,0,0,0,0,0,0,0,0,0,0,0,0,0,[1]
nlpxucan/WizardLM,DanielBerns,1,0,0,0,0,0,0,0,0,0,0,0,0,0,[1]
nlpxucan/WizardLM,petriaukia,1,0,0,0,0,0,0,0,0,0,0,0,0,0,[1]
nlpxucan/WizardLM,RW21,1,0,0,0,0,0,0,0,0,0,0,0,0,0,[1]
nlpxucan/WizardLM,Rumozuk,1,0,0,0,0,0,0,0,0,0,0,0,0,0,[1]
nlpxucan/WizardLM,L1aoXingyu,0,1,0,0,0,2,0,0,0,0,0,0,0,0,[3]
nlpxucan/WizardLM,anupamme,1,0,0,0,0,0,0,0,0,0,0,0,0,0,[1]
nlpxucan/WizardLM,xuqy1981,1,0,0,0,0,0,0,0,0,0,0,0,0,0,[1]
nlpxucan/WizardLM,tikimcfee,1,0,0,0,0,0,0,0,0,0,0,0,0,0,[1]
nlpxucan/WizardLM,FrankWhh,1,0,0,0,0,0,0,0,0,0,0,0,0,0,[1]
nlpxucan/WizardLM,jjhw,0,1,0,0,0,0,0,0,0,0,0,0,0,0,[1]
nlpxucan/WizardLM,mgm223200,0,1,0,0,0,0,0,0,0,0,0,0,0,0,[1]
nlpxucan/WizardLM,beegoosev,0,1,0,0,0,0,0,0,0,0,0,0,0,0,[1]
nlpxucan/WizardLM,GigeonVDB,1,0,0,0,0,0,0,0,0,0,0,0,0,0,[1]
nlpxucan/WizardLM,ricklentz,1,1,0,0,0,0,0,0,0,0,0,0,0,0,[2]
nlpxucan/WizardLM,921kiyo,1,0,0,0,0,0,0,0,0,0,0,0,0,0,[1]
nlpxucan/WizardLM,vujadin,1,0,0,0,0,0,0,0,0,0,0,0,0,0,[1]
nlpxucan/WizardLM,modulexcite,1,0,0,0,0,0,0,0,0,0,0,0,0,0,[1]
nlpxucan/WizardLM,MannyKayy,1,0,0,0,0,0,0,0,0,0,0,0,0,0,[1]
nlpxucan/WizardLM,fortypercnt,1,0,0,0,0,0,0,0,0,0,0,0,0,0,[1]
nlpxucan/WizardLM,baocin,1,0,0,0,0,0,0,0,0,0,0,0,0,0,[1]
nlpxucan/WizardLM,melsiddieg,1,0,0,0,0,0,0,0,0,0,0,0,0,0,[1]
nlpxucan/WizardLM,antonelvergas,0,1,0,0,0,0,0,0,0,0,0,0,0,0,[1]
nlpxucan/WizardLM,Alihusainy,1,0,0,0,0,0,0,0,0,0,0,0,0,0,[1]
nlpxucan/WizardLM,rafaelperez,1,0,0,0,0,0,0,0,0,0,0,0,0,0,[1]
nlpxucan/WizardLM,Saxenauts,1,0,0,0,0,0,0,0,0,0,0,0,0,0,[1]
nlpxucan/WizardLM,sandra754,0,1,0,0,0,0,0,0,0,0,0,0,0,0,[1]
nlpxucan/WizardLM,Cemberk,1,0,0,0,0,0,0,0,0,0,0,0,0,0,[1]
nlpxucan/WizardLM,cristopher533,1,1,0,0,0,0,0,0,0,0,0,0,0,0,[2]
nlpxucan/WizardLM,AlanRvk,1,0,0,0,0,0,0,0,0,0,0,0,0,0,[1]
nlpxucan/WizardLM,michaella417,1,1,0,0,0,0,0,0,0,0,0,0,0,0,[2]
nlpxucan/WizardLM,Requiemu,1,0,0,0,0,0,0,0,0,0,0,0,0,0,[1]
nlpxucan/WizardLM,liujingkang-ai,1,0,0,0,0,0,0,0,0,0,0,0,0,0,[1]
nlpxucan/WizardLM,maekawataiki,1,0,0,0,0,0,0,0,0,0,0,0,0,0,[1]
nlpxucan/WizardLM,HusseinLezzaik,1,0,0,0,0,0,0,0,0,0,0,0,0,0,[1]
nlpxucan/WizardLM,jithinAB,1,0,0,0,0,0,0,0,0,0,0,0,0,0,[1]
nlpxucan/WizardLM,clabe45,1,0,0,0,0,0,0,0,0,0,0,0,0,0,[1]
nlpxucan/WizardLM,opixelum,1,0,0,0,0,0,0,0,0,0,0,0,0,0,[1]
nlpxucan/WizardLM,pjared,1,0,0,0,0,0,0,0,0,0,0,0,0,0,[1]
nlpxucan/WizardLM,d13g4,1,0,0,0,0,0,0,0,0,0,0,0,0,0,[1]
nlpxucan/WizardLM,zeropl,1,0,0,0,0,0,0,0,0,0,0,0,0,0,[1]
nlpxucan/WizardLM,mirek190,0,0,0,1,0,0,0,0,0,0,0,0,0,0,[1]
nlpxucan/WizardLM,dxyzx0,1,0,0,0,0,0,0,0,0,0,0,0,0,0,[1]
nlpxucan/WizardLM,tuhai0069,1,0,0,0,0,0,0,0,0,0,0,0,0,0,[1]
nlpxucan/WizardLM,atse,1,0,0,0,0,0,0,0,0,0,0,0,0,0,[1]
nlpxucan/WizardLM,y3weng,1,0,0,0,0,0,0,0,0,0,0,0,0,0,[1]
nlpxucan/WizardLM,distbit0,1,0,0,0,0,0,0,0,0,0,0,0,0,0,[1]
nlpxucan/WizardLM,j-94,1,0,0,0,0,0,0,0,0,0,0,0,0,0,[1]
nlpxucan/WizardLM,CyberTimon,0,0,1,0,0,0,0,0,0,0,0,0,0,0,[1]
nlpxucan/WizardLM,datmt,1,0,0,0,0,0,0,0,0,0,0,0,0,0,[1]
nlpxucan/WizardLM,tvb228,0,1,0,0,0,0,0,0,0,0,0,0,0,0,[1]
nlpxucan/WizardLM,long39ng,1,0,0,0,0,0,0,0,0,0,0,0,0,0,[1]
nlpxucan/WizardLM,Alex-Unnippillil,1,1,0,0,0,0,0,0,0,0,0,0,0,0,[2]
nlpxucan/WizardLM,Zumus,1,0,0,0,0,0,0,0,0,0,0,0,0,0,[1]
nlpxucan/WizardLM,CryptoPrince9,1,0,0,0,0,0,0,0,0,0,0,0,0,0,[1]
nlpxucan/WizardLM,oroojlooy,1,0,0,0,0,0,0,0,0,0,0,0,0,0,[1]
nlpxucan/WizardLM,atzcl,1,0,0,0,0,0,0,0,0,0,0,0,0,0,[1]
nlpxucan/WizardLM,qu4ku,1,0,0,0,0,0,0,0,0,0,0,0,0,0,[1]
nlpxucan/WizardLM,ZaxLofful,1,0,0,0,0,0,0,0,0,0,0,0,0,0,[1]
nlpxucan/WizardLM,hanwsf,0,1,0,0,0,0,0,0,0,0,0,0,0,0,[1]
nlpxucan/WizardLM,Nightaway,1,0,0,0,0,0,0,0,0,0,0,0,0,0,[1]
nlpxucan/WizardLM,zaks,1,0,0,0,0,0,0,0,0,0,0,0,0,0,[1]
nlpxucan/WizardLM,nswekosk,1,0,0,0,0,0,0,0,0,0,0,0,0,0,[1]
nlpxucan/WizardLM,twilwa,1,0,0,0,0,0,0,0,0,0,0,0,0,0,[1]
nlpxucan/WizardLM,MadalinTat,1,0,0,0,0,0,0,0,0,0,0,0,0,0,[1]
nlpxucan/WizardLM,0ne1astk155,1,0,0,0,0,0,0,0,0,0,0,0,0,0,[1]
nlpxucan/WizardLM,matthew-mcateer,1,0,0,0,0,0,0,0,0,0,0,0,0,0,[1]
nlpxucan/WizardLM,battila7,1,0,0,0,0,0,0,0,0,0,0,0,0,0,[1]
nlpxucan/WizardLM,Benjoyo,1,0,0,0,0,0,0,0,0,0,0,0,0,0,[1]
nlpxucan/WizardLM,mickael067,1,0,0,0,0,0,0,0,0,0,0,0,0,0,[1]
nlpxucan/WizardLM,wassinov,1,0,0,0,0,0,0,0,0,0,0,0,0,0,[1]
nlpxucan/WizardLM,frankt86,1,0,0,0,0,0,0,0,0,0,0,0,0,0,[1]
nlpxucan/WizardLM,ashirafj,1,0,0,0,0,0,0,0,0,0,0,0,0,0,[1]
nlpxucan/WizardLM,zer05um2017,1,0,0,0,0,0,0,0,0,0,0,0,0,0,[1]
nlpxucan/WizardLM,bitcooker,1,0,0,0,0,0,0,0,0,0,0,0,0,0,[1]
nlpxucan/WizardLM,spiderman001,1,0,0,0,0,0,0,0,0,0,0,0,0,0,[1]
nlpxucan/WizardLM,Tedb0dy,1,0,0,0,0,0,0,0,0,0,0,0,0,0,[1]
nlpxucan/WizardLM,tyoc213,1,0,0,0,0,0,0,0,0,0,0,0,0,0,[1]
nlpxucan/WizardLM,mnky4a6p,1,0,0,0,0,0,0,0,0,0,0,0,0,0,[1]
nlpxucan/WizardLM,joaogui1,1,0,0,0,0,0,0,0,0,0,0,0,0,0,[1]
nlpxucan/WizardLM,imaurer,1,0,0,0,0,0,0,0,0,0,0,0,0,0,[1]
nlpxucan/WizardLM,terrence-giggy,1,0,0,0,0,0,0,0,0,0,0,0,0,0,[1]
nlpxucan/WizardLM,yassersouri,1,0,0,0,0,0,0,0,0,0,0,0,0,0,[1]
nlpxucan/WizardLM,el-troy,1,0,0,0,0,0,0,0,0,0,0,0,0,0,[1]
nlpxucan/WizardLM,Hobr,1,0,0,0,0,0,0,0,0,0,0,0,0,0,[1]
nlpxucan/WizardLM,noczero,1,0,0,0,0,0,0,0,0,0,0,0,0,0,[1]
nlpxucan/WizardLM,changingivan,1,0,0,0,0,0,0,0,0,0,0,0,0,0,[1]
nlpxucan/WizardLM,alreadydone,1,0,0,0,0,0,0,0,0,0,0,0,0,0,[1]
nlpxucan/WizardLM,cthorey,1,0,0,0,0,0,0,0,0,0,0,0,0,0,[1]
nlpxucan/WizardLM,usernaamee,1,0,0,0,0,0,0,0,0,0,0,0,0,0,[1]
nlpxucan/WizardLM,huliang2016,1,0,0,0,0,0,0,0,0,0,0,0,0,0,[1]
nlpxucan/WizardLM,leodambrosi,1,0,0,0,0,0,0,0,0,0,0,0,0,0,[1]
nlpxucan/WizardLM,zhongyi-zhou,1,0,0,0,0,0,0,0,0,0,0,0,0,0,[1]
nlpxucan/WizardLM,andgate,1,0,0,0,0,0,0,0,0,0,0,0,0,0,[1]
nlpxucan/WizardLM,k-eak,1,0,0,0,0,0,0,0,0,0,0,0,0,0,[1]
nlpxucan/WizardLM,Nicozwy,1,1,0,0,0,0,0,0,0,0,0,0,0,0,[2]
nlpxucan/WizardLM,forsc,1,0,0,0,0,0,0,0,0,0,0,0,0,0,[1]
nlpxucan/WizardLM,rohan-paul,1,0,0,0,0,0,0,0,0,0,0,0,0,0,[1]
nlpxucan/WizardLM,thapecroth,1,0,0,0,0,0,0,0,0,0,0,0,0,0,[1]
nlpxucan/WizardLM,d-arkness1,0,1,0,0,0,0,0,0,0,0,0,0,0,0,[1]
nlpxucan/WizardLM,QuantumBoIt,1,0,0,0,0,0,0,0,0,0,0,0,0,0,[1]
nlpxucan/WizardLM,cpietsch,1,0,0,0,0,0,0,0,0,0,0,0,0,0,[1]
nlpxucan/WizardLM,WwwXxxBo,1,0,0,0,0,0,0,0,0,0,0,0,0,0,[1]
nlpxucan/WizardLM,WeirdCircumstances,1,0,0,0,0,0,0,0,0,0,0,0,0,0,[1]
nlpxucan/WizardLM,philsv,1,0,0,0,0,0,0,0,0,0,0,0,0,0,[1]
nlpxucan/WizardLM,sunilsivadas,1,0,0,0,0,0,0,0,0,0,0,0,0,0,[1]
